Address_Key,Address_Details
1,"Ms. Angela Woodley, Bury  487, El Paso - 6768, Haiti"
2,"Mr. Josh Bright, Zealand 2351, Bucharest - 8385, Antigua and Barbuda"
3,"Mrs. Kendra Alldridge, Kimberley  5102, Reno - 5468, Croatia"
4,"Miss Cassidy Skinner, Blackpool  6376, Rochester - 0353, Taiwan"
5,"Ms. Mavis Murphy, Monroe 9230, Garland - 5671, Peru"
6,"Mr. Mike Cox, Chambers  3107, Fullerton - 3144, Tunisia"
7,"Miss Andie Stewart, Calderwood   5326, Hayward - 6155, Ireland"
8,"Mr. Marvin Pearson, Wager   3588, Cincinnati - 0563, Guinea"
9,"Mr. David Murray, Durham 9698, Long Beach - 0526, Uzbekistan"
10,"Mr. Noah Armstrong, Canon 4108, Columbus - 2185, Burkina Faso"
11,"Mr. Doug Larkin, Sheraton   4222, San Bernardino - 8378, Ethiopia"
12,"Mr. Henry Craig, Buttonwood 4994, Albuquerque - 4536, Sweden"
13,"Mr. Henry Hudson, Black Friars   845, Hollywood - 7237, Colombia"
14,"Mr. Daron Silva, Argyle  7405, Zurich - 0506, Colombia"
15,"Mrs. Jolene Ramsey, Ashley 1288, Richmond - 6602, Canada"
16,"Mrs. Melanie Palmer, Bennett  512, Dallas - 0871, Peru"
17,"Ms. Gloria Allwood, Bolingbroke  6404, Washington - 3778, Greece"
18,"Ms. Penelope Dowson, Belmont Park 1271, Oklahoma City - 8217, Nepal"
19,"Mr. Javier Styles, Baynes  6887, Washington - 4114, Barbados"
20,"Mr. Ron Anderson, Marina  9170, Long Beach - 4601, Kazakhstan"
21,"Mr. Kurt Healy, Calshot   2141, Tulsa - 0228, Nicaragua"
22,"Miss Liv Eastwood, Bagford   4120, Omaha - 8730, Swaziland"
23,"Mrs. Adela Flett, Cephas  2982, Stockton - 7855, Grenada"
24,"Mrs. Doris Mackenzie, Bacon  4135, Miami - 6365, Sweden"
25,"Ms. Angela Attwood, English   1337, Baltimore - 4482, Paraguay"
26,"Mr. Daron Lunt, Sheffield 985, Wien - 8112, Somalia"
27,"Mr. Domenic Judd, Canal  2976, Madison - 7733, Panama"
28,"Mr. Mark May, Bermondsey    762, San Francisco - 8120, Armenia"
29,"Mr. Logan Hamilton, Geary   7051, San Antonio - 6700, Bulgaria"
30,"Mr. Logan Norman, Fieldstone 5513, Toledo - 5765, Pakistan"
31,"Mr. Carl Russell, Angrave    2766, Jacksonville - 8402, Russia"
32,"Ms. Gwenyth Drummond, Fair 6416, Los Angeles - 2730, Vatican City"
33,"Mr. Ryan Greenwood, Sheffield 4670, Tulsa - 3724, Burundi"
34,"Mr. Doug Cowan, Baltic  584, San Jose - 6114, Honduras"
35,"Mr. Bart Cunningham, Empress  3705, New Orleans - 4165, Dominica"
36,"Ms. Gladys Nicolas, St. Pauls  8398, Lancaster - 4574, Nepal"
37,"Ms. Ember Dixon, Becher  3375, Paris - 3622, Chile"
38,"Mr. Peter Griffiths, Linda   749, Bellevue - 7138, Guatemala"
39,"Ms. Mackenzie Curtis, English   87, Fremont - 5424, Namibia"
40,"Mr. Peter Cavanagh, Ampton  2186, Venice - 3755, Micronesia"
41,"Mr. Abdul Radley, Cadogan  7240, Fremont - 2174, Cameroon"
42,"Mr. Alexander Burnley, Belfort  6876, Prague - 1751, Moldova"
43,"Ms. Jocelyn Shea, Walnut 5273, St. Louis - 5618, Tuvalu"
44,"Mr. Tom Thompson, Norfolk  1854, Anaheim - 4276, Nauru"
45,"Mr. Danny Hepburn, Bigland  4615, Escondido - 6878, Lesotho"
46,"Mr. Eduardo Wright, Hammersmith  8423, Las Vegas - 8833, Uruguay"
47,"Mr. Ryan Edley, Maple 6767, Anaheim - 6445, Switzerland"
48,"Mr. Mike Jennson, Armory  2284, San Jose - 3151, Bulgaria"
49,"Mr. Liam Allcott, Apsley    8078, Portland - 8703, Congo, Republic of the"
50,"Mrs. Mayleen Talbot, Bede  2025, Colorado Springs - 0177, Haiti"
51,"Mr. Percy Burnley, Caedmon  170, Milano - 1753, Saudi Arabia"
52,"Mr. Cedrick Selby, Mariner  6143, Tallahassee - 6682, Saint Kitts and Nevis"
53,"Mr. Maxwell Waterson, Amwell    1912, Hayward - 3033, Turkmenistan"
54,"Ms. Piper Sloan, Norfolk  2916, Tokyo - 2254, The Gambia"
55,"Mr. Jacob Young, Enford   1448, Otawa - 1381, Lithuania"
56,"Mr. John Cowan, Bempton   9636, Quebec - 3670, Comoros"
57,"Mr. David Todd, Falconberg   683, Norfolk - 8515, Ireland"
58,"Mr. Noah Wooldridge, Thrale   2703, Phoenix - 7080, Fiji"
59,"Mrs. Lana Hale, Geary   1489, Escondido - 4877, Djibouti"
60,"Mr. Alan Avery, Cliff  2536, Valetta - 6847, Tajikistan"
61,"Ms. Adina Owen, Sherlock   2648, Atlanta - 6403, Tonga"
62,"Mr. Jayden Andrews, South 745, Hayward - 8478, China"
63,"Ms. Ema Davies, Clyde 3193, Lincoln - 4581, Belize"
64,"Miss Havana Garcia, Fairview 200, Fremont - 8776, Italy"
65,"Mr. Rocco Umney, Liverpool  8388, Las Vegas - 2114, Samoa"
66,"Miss Maia Herbert, Canon 8781, San Antonio - 6468, Seychelles"
67,"Ms. Rosie King, Biggerstaff   9178, Sacramento - 2557, Iran"
68,"Mr. Cedrick Salt, Thomas  9776, Zurich - 3252, Costa Rica"
69,"Mrs. Nancy Morgan, Thomas  501, Los Angeles - 1062, Madagascar"
70,"Mrs. Angelique Hale, Andsell    2158, Boston - 7865, Saint Lucia"
71,"Mr. Danny Freeburn, Western   5184, Prague - 0786, Portugal"
72,"Mr. John Norburn, Gatonby   5565, Louisville - 6824, Tunisia"
73,"Ms. Hannah Wright, Union  5121, Dallas - 0708, Malta"
74,"Mr. Rocco Mason, Jackson 2408, Santa Ana - 2632, Peru"
75,"Mr. Daniel Simmons, Tilloch   9105, Las Vegas - 5415, Jamaica"
76,"Mrs. Christy Pope, Bletchley   6751, Hayward - 7621, Brunei"
77,"Miss Hanna Greenwood, Lonsdale  2553, Santa Ana - 5601, Greece"
78,"Ms. Cristal Wilkinson, Arctic   3171, Murfreesboro - 1548, Liechtenstein"
79,"Mrs. Grace Verdon, Castile  4453, Milwaukee - 5426, Dominican Republic"
80,"Mr. David Martin, Andrews  12, Tulsa - 4476, Egypt"
81,"Miss Sofia Mcleod, Bermondsey    424, Lisbon - 2728, Vietnam"
82,"Mr. Bart Curtis, Carltoun   5208, Arlington - 3426, Kenya"
83,"Ms. Dakota Collins, Boleyn  4330, Berlin - 7771, Gabon"
84,"Mrs. Candace Parsons, Clerkenwell 4596, Columbus - 7208, Gabon"
85,"Ms. Leanne Shea, Parkgate  3185, San Diego - 5081, Tonga"
86,"Mr. Brad Carter, Ayres   1699, Laredo - 3535, Papua New Guinea"
87,"Miss Sage Price, Belfort  8834, Murfreesboro - 1306, Finland"
88,"Mr. Brad Butler, Bletchley   5001, Omaha - 7331, Uganda"
89,"Ms. Alessia Seymour, Eldon  5082, Fayetteville - 5582, Japan"
90,"Mrs. Carolyn Bullock, West 817, Tokyo - 2644, Taiwan"
91,"Mr. Roger Uttley, Bendmore  8061, Toledo - 2627, Eritrea"
92,"Mrs. Analise Rowan, Besson  926, Henderson - 0543, Togo"
93,"Mr. Luke Mills, Fairview 9165, Henderson - 5682, Argentina"
94,"Mr. Enoch Casey, Durweston   554, Wien - 8537, USA"
95,"Ms. Alexa Gosling, Baynes  4294, Baltimore - 3225, Vanuatu"
96,"Mr. Liam Gunn, Sheffield 2220, Santa Ana - 3184, Venezuela"
97,"Ms. Elena Fisher, Abbotswell  4465, Memphis - 0434, Italy"
98,"Mrs. Sasha Squire, Dunstable   8583, Hollywood - 1323, Egypt"
99,"Mr. Julian Rycroft, Liverpool  3505, Philadelphia - 8512, Djibouti"
100,"Mr. Daniel Lambert, Bond 4542, Charlotte - 8350, Gabon"
101,"Mrs. Zara Stevenson, Church 2978, Fremont - 8803, Guinea-Bissau"
102,"Mr. Russel Norman, St. Johs  5357, Omaha - 4110, Sao Tome and Principe"
103,"Mr. Maxwell Downing, East 4351, Moreno Valley - 4203, Central African Republic"
104,"Mrs. Greta Fields, Sheffield 3055, Laredo - 2661, Egypt"
105,"Mr. Jack Casey, Antrobus   5527, Madison - 6423, Kenya"
106,"Mr. Oliver John, Linden 8852, Huntsville - 6420, Malta"
107,"Mr. Doug Hood, Cloth  7635, Albuquerque - 1008, Brunei"
108,"Mr. Russel Wright, Hammersmith  6344, Bridgeport - 7212, Cambodia"
109,"Miss Melania Hilton, Chancellor  4547, Lancaster - 6541, Kiribati"
110,"Mr. Joseph Collingwood, Endsleigh  1450, Baltimore - 0684, Vatican City"
111,"Ms. Aurelia Thatcher, Liverpool  2683, Prague - 4801, Jamaica"
112,"Mr. Jacob Rosenbloom, South 2484, Tokyo - 4650, USA"
113,"Miss Samara Glynn, Kingly  2600, Denver - 6254, Tanzania"
114,"Miss Deborah Cox, Kilner   7551, Fullerton - 4338, Burkina Faso"
115,"Ms. Marjorie Griffiths, Kimberley  9262, Lancaster - 7108, Finland"
116,"Mr. Tony Trent, Sherwood  4397, Bakersfield - 2771, Zambia"
117,"Miss Belinda Clark, Norfolk  5959, Anaheim - 3802, Saudi Arabia"
118,"Miss Marigold Wigley, Wake  5920, Springfield - 2727, Malawi"
119,"Ms. Scarlett Widdows, Collins  6877, Detroit - 8072, Australia"
120,"Mrs. Daria Nash, Chester  5299, Los Angeles - 3308, Argentina"
121,"Mr. Sebastian Morrow, Fairview 8967, Berlin - 7763, Pakistan"
122,"Mr. Barney Plumb, Chestnut Rise 3426, Tokyo - 8351, Ecuador"
123,"Mr. Denis Hale, Clifton  4562, Cincinnati - 5323, Turkey"
124,"Mr. Oliver Burge, Monroe 3978, San Jose - 3284, Czech Republic"
125,"Mrs. Valerie Roberts, Linda Lane 38, Honolulu - 8588, Comoros"
126,"Mrs. Dani Cox, Oxford 7909, Hollywood - 6247, Philippines"
127,"Miss Estrella Windsor, Chartham  8638, Fayetteville - 3307, Central African Republic"
128,"Miss Gemma Vince, West 4184, Venice - 4500, Montenegro"
129,"Ms. Sloane Woodcock, Cliff  7455, Miami - 7542, Micronesia"
130,"Miss Tess Upsdell, Waldram Park  5187, Denver - 8710, United Kingdom"
131,"Mrs. Mina Umney, Bacon  3252, Lisbon - 5778, Albania"
132,"Mr. Chris Irving, Clere  9588, Saint Paul - 6433, Solomon Islands"
133,"Ms. Winnie Drummond, Church 1128, Miami - 8882, Benin"
134,"Mr. John Farrant, Bellenden   6190, Washington - 1841, Guyana"
135,"Mrs. Summer Lambert, Queen 3893, Portland - 7271, Tuvalu"
136,"Mr. Ron Stewart, Cato   9668, Jersey City - 5312, Palau"
137,"Mr. Ethan Rowe, Aylward   1808, Milano - 1040, New Zealand"
138,"Mrs. Sabina Radley, Yorkshire  4616, Lisbon - 4375, Panama"
139,"Mr. Hayden Rodgers, Balfe   5937, Berlin - 7221, Saint Kitts and Nevis"
140,"Mr. Ron Kirby, Walnut 9698, Zurich - 1728, Burkina Faso"
141,"Mr. Luke Jones, Byland  7649, Reno - 7658, China"
142,"Mrs. Davina Hopkinson, Charterhouse  2395, Denver - 4413, Chile"
143,"Miss Bernadette Warner, Castile  4862, Santa Ana - 6613, Madagascar"
144,"Mr. Mason Sinclair, Blomfield  3554, Madison - 5016, Bulgaria"
145,"Miss Keira Stanton, Sheringham   4653, Arlington - 4310, Guyana"
146,"Ms. Alessandra Ebden, Sheraton   2116, Colorado Springs - 1032, Iran"
147,"Mrs. Vicky Flack, Blue Anchor  6951, Fort Lauderdale - 5113, Laos"
148,"Ms. Teagan Nayler, Wadham  9846, Albuquerque - 8837, Nigeria"
149,"Mr. Josh Broomfield, Jackson 6082, New York - 5500, Vanuatu"
150,"Ms. Lily Snell, Cavaye  4793, Ontario - 4853, Madagascar"
151,"Mr. Jayden Brett, Blean   3076, Worcester - 1750, Russia"
152,"Mr. Maxwell Pearce, Blenkarne  7676, Lyon - 7116, Poland"
153,"Mr. Liam Reading, Duthie   3099, Nashville - 4822, Cambodia"
154,"Mr. Jack Hope, Fairfield  8707, Phoenix - 8127, Libya"
155,"Mr. Jayden Smith, Caldwell   4639, London - 4757, Uruguay"
156,"Ms. Morgan Emerson, Calshot   5444, Omaha - 4022, Tuvalu"
157,"Miss Alma Flett, Fairfield  7386, New Orleans - 8601, Mozambique"
158,"Mr. Manuel Bright, Blackpool  7823, Quebec - 6077, Mongolia"
159,"Mr. Oliver Parker, Thrale   3580, Houston - 8287, Paraguay"
160,"Mr. Kieth Robertson, Caedmon  9058, Lakewood - 3884, Canada"
161,"Ms. Jacqueline Page , Blackwall  4854, San Francisco - 4702, Argentina"
162,"Miss Macy Gray, Underwood  2148, Oklahoma City - 1283, Kiribati"
163,"Miss Tess Herbert, Canal  5163, Orlando - 0638, South Africa"
164,"Mr. Mason Mitchell, Castile  3413, Toledo - 0768, Iceland"
165,"Mr. Gil Harrison, Beechen  3166, El Paso - 6754, Haiti"
166,"Mr. Michael Swan, Queen 1637, New Orleans - 6854, Nepal"
167,"Miss Trisha Bishop, Tisbury  3285, Fayetteville - 0753, Tonga"
168,"Miss Trisha Overson, Bayberry 1907, Hayward - 1020, Korea, North"
169,"Miss Juliette Davies, Waite  2670, Denver - 1821, Niger"
170,"Miss Kirsten Darcy, Clifton  3928, Tulsa - 1707, Libya"
171,"Mr. Maxwell Neville, Tiptree   3710, Houston - 2521, Djibouti"
172,"Mr. Cedrick Uttridge, Boadicea   2667, Milano - 1576, Afghanistan"
173,"Mr. Oliver Wright, Unwin  8194, Chicago - 6850, Seychelles"
174,"Mr. Chadwick Walker, Gautrey  8170, Fort Lauderdale - 3675, Botswana"
175,"Miss Hayden Pearson, Dunton  6519, Paris - 6354, Slovakia"
176,"Mr. Owen Booth, Rail 4600, Denver - 1274, Seychelles"
177,"Mr. Johnathan May, Unwin  2854, Glendale - 4641, Japan"
178,"Miss Savannah Emmott, Hickory Lane 3388, Irving - 4787, Liechtenstein"
179,"Mr. Rick Mills, Emden   3920, Portland - 6365, Sudan, South"
180,"Mrs. Rhea Carter, Camden  9768, Fremont - 2887, Austria"
181,"Miss Winnie Windsor, Wakley   825, Rochester - 8025, Armenia"
182,"Mrs. Judith Richards, Collins  4751, San Francisco - 2232, Turkmenistan"
183,"Mr. Johnathan Oatway, Emily  4911, Valetta - 2468, Ireland"
184,"Miss Vera Bolton, Clyde 7054, Saint Paul - 5663, Guyana"
185,"Ms. Mayleen Owen, Lonsdale  4955, Anaheim - 8456, Costa Rica"
186,"Mr. Martin Varley, Ellerman   3743, El Paso - 8506, Peru"
187,"Mr. Mike Mcneill, Bempton   6951, Seattle - 5046, Malawi"
188,"Mr. Fred Noach, Egerton  25, Escondido - 0088, Colombia"
189,"Miss Sara Becker, Bempton   4885, Sacramento - 0484, Spain"
190,"Ms. Rachael Ingram, Canon 1629, Murfreesboro - 8457, Bahrain"
191,"Miss Marigold Norton, Fawn 6289, Irving - 0144, Côte d’Ivoire"
192,"Ms. Angelina James, Black Swan  6550, Murfreesboro - 7322, Venezuela"
193,"Mrs. Judith Miller, Charnwood   9913, Otawa - 4166, Indonesia"
194,"Ms. Freya Foxley, Bales  4564, Zurich - 1527, Italy"
195,"Miss Lucy Faulkner, Catherine  9628, Anaheim - 3576, Benin"
196,"Mr. Johnathan Burge, Spruce 9795, Dallas - 2278, Zambia"
197,"Mrs. Willow Santos, Chantry   1232, Orlando - 5554, Papua New Guinea"
198,"Mr. Russel Jennson, Sheringham   2785, Long Beach - 7301, Belize"
199,"Ms. Janice Bradley, Beatty  6038, Huntsville - 5835, Russia"
200,"Mr. Michael Griffiths, Glenwood 1461, Otawa - 1112, Fiji"
201,"Mr. Chester Utterson, Bolton  1688, Long Beach - 2401, Portugal"
202,"Miss Jackeline Nielson, Blue Anchor  9397, San Diego - 4207, Tuvalu"
203,"Miss Julianna Tennant, Fairview 9543, Zurich - 4820, Guyana"
204,"Mr. David Bingham, Lexington 3535, Hollywood - 2475, China"
205,"Miss Shannon Parr, Shepherds  8420, Baltimore - 4562, Laos"
206,"Mr. Manuel Moreno, Calderwood   6220, Jacksonville - 4754, Czech Republic"
207,"Miss Tara Doherty, Canon 5368, Detroit - 7188, Brunei"
208,"Mr. Liam Michael, Beechen  5546, Sacramento - 6540, Denmark"
209,"Mrs. Blake Preston, Antrobus   1266, Phoenix - 5163, Grenada"
210,"Miss Michelle Watson, Ben   4142, Miami - 6110, Afghanistan"
211,"Mr. Tyler Parr, King 8745, Richmond - 3633, Rwanda"
212,"Miss Hayden Power, Linden 3687, Oklahoma City - 6605, Bangladesh"
213,"Mrs. Sydney Pitt, Rosewood 3098, San Bernardino - 2301, Armenia"
214,"Mr. Rick Morrow, Charterhouse  322, Toledo - 0481, Sao Tome and Principe"
215,"Mr. Jack Oakley, Unwin  3086, New York - 6141, Armenia"
216,"Mr. Jacob Allcott, Clyde 844, Bakersfield - 8638, Ethiopia"
217,"Ms. Shay Appleton, Bective  4918, Tokyo - 0465, Kosovo"
218,"Ms. Mary Rodwell, Ernest  4572, Memphis - 5221, Costa Rica"
219,"Mrs. Destiny Long, Apsley    1906, Innsbruck - 1350, Marshall Islands"
220,"Ms. Courtney Welsch, Queen Caroline   1124, Lakewood - 3365, New Zealand"
221,"Miss Skylar Lewis, Elystan  4122, Anaheim - 4050, Korea, North"
222,"Mr. Barry Plumb, Birkenhead   3674, Kansas City - 2018, Ukraine"
223,"Mrs. Lucy Herbert, Fairview 7971, Jersey City - 8018, Kiribati"
224,"Miss Moira Roberts, Sherwood  4988, Seattle - 5246, Congo, Republic of the"
225,"Mrs. Judith Walsh, Parkgate  2736, Minneapolis - 2885, Netherlands"
226,"Mr. Tony Coates, Blackwall  1098, Arlington - 7528, Tanzania"
227,"Mr. Chadwick Mason, Pine 4165, Dallas - 1822, Libya"
228,"Ms. Ada Stone, Apollo  7108, Honolulu - 3246, Tonga"
229,"Mr. Brad Alldridge, Hamilton  9167, Salem - 5526, Yemen"
230,"Miss Alessia Bryant, Underwood  4093, Saint Paul - 0222, Malawi"
231,"Mrs. Wendy Holmes, Union  5072, Memphis - 6482, Finland"
232,"Mrs. Julia Benson, Blore  6610, Paris - 6587, India"
233,"Ms. Britney Daniells, Aberavon  7092, Paris - 0613, Burkina Faso"
234,"Mr. Tony Carpenter, Besson  9196, San Bernardino - 0463, Samoa"
235,"Mr. Tom Fisher, Elystan  6234, Oklahoma City - 7585, Turkmenistan"
236,"Mr. Alexander Whinter, Champion  2021, Las Vegas - 8120, Nauru"
237,"Mr. Johnathan Collins, Aylward   8592, Rome - 4834, Yemen"
238,"Mrs. Isabella Briggs, Longman   5444, Toledo - 8606, Gabon"
239,"Mr. John Quinn, Fawn 4672, Lancaster - 1410, Egypt"
240,"Miss Cynthia Forester, Ayres   1072, Boston - 0740, Saint Vincent and the Grenadines"
241,"Mr. Leroy Jeffery, Addison  1057, Lincoln - 4204, Cuba"
242,"Mr. Kurt Carter, Champion  3883, San Bernardino - 4471, Namibia"
243,"Mr. George Fox, Chancellor  6878, Detroit - 5018, Thailand"
244,"Miss Jade Ashwell, Yorkshire  5862, Jacksonville - 8251, Australia"
245,"Miss Anais Hogg, Fawn 4881, Bridgeport - 4536, Cambodia"
246,"Mr. Ron Chapman, Waite  9404, Quebec - 4172, Japan"
247,"Mr. Jacob Jefferson, Linda Lane 2967, Oklahoma City - 2132, The Gambia"
248,"Mr. Ramon Nash, Hickory Lane 4443, Garland - 7107, Hungary"
249,"Ms. Sofia Gray, Under  7335, Bucharest - 3458, Antigua and Barbuda"
250,"Miss Meredith Edwards, Magnolia 5349, Los Angeles - 1252, Peru"
251,"Mrs. Stella Larkin, Ampton  4409, Rome - 3568, Ukraine"
252,"Mr. Oliver Wood, Glenwood 8246, Oklahoma City - 7373, Greece"
253,"Mr. Hayden Button, Sundown 6480, Berna - 2783, Andorra"
254,"Mr. Alexander Gilmour, Ellerslie 5643, San Diego - 3656, Sierra Leone"
255,"Mrs. Ema Andrews, Angel  4921, Zurich - 1017, Jordan"
256,"Miss Margot Adams, Boldero   7037, Quebec - 5635, Iceland"
257,"Mr. Julian Carson, Bales  314, Lyon - 2106, Somalia"
258,"Mr. Hank Gray, Elba  2811, Laredo - 4314, Oman"
259,"Mr. Chester Rodgers, Virginia 1482, Fayetteville - 4663, Zambia"
260,"Mrs. Bree Williams, Clarks  6238, Springfield - 4011, Colombia"
261,"Mr. Matt Kaur, Balfe   833, Colorado Springs - 6743, Brunei"
262,"Mr. Logan Mccall, Canon 2447, Tallahassee - 0545, Bosnia and Herzegovina"
263,"Mr. Denny Reese, Carol   403, Henderson - 3384, Vietnam"
264,"Mrs. Mackenzie Myatt, Bective  6530, Glendale - 2010, Australia"
265,"Mrs. Camellia Harvey, Woodland 755, Anaheim - 0080, Macedonia"
266,"Mr. Ramon Abbot, Durnford  509, Salem - 8458, Armenia"
267,"Mrs. Cherish Brock, Cockspur  3323, Quebec - 1016, Myanmar"
268,"Mr. Rufus Jarvis, Linden 4569, Hollywood - 2517, Austria"
269,"Ms. Leslie Brett, Bond 1345, Los Angeles - 4407, Guinea"
270,"Mr. Tyson Weldon, Kimberley  8457, Fullerton - 5352, Bosnia and Herzegovina"
271,"Mr. Mason Chadwick, Blomfield  6928, Houston - 7622, Panama"
272,"Mr. Maxwell Horton, Marischal  2146, Las Vegas - 4323, Jordan"
273,"Ms. Dalia Moran, Epworth  3052, New Orleans - 0674, Singapore"
274,"Miss Karen Oakley, Longmoore   474, Valetta - 6372, Bulgaria"
275,"Mr. Ethan Fall, Carnegie   8086, Phoenix - 2308, Iraq"
276,"Mr. Ryan Ripley, Champion  1756, Lakewood - 5404, Barbados"
277,"Ms. Kendra Ashley, Ben   7633, Innsbruck - 2031, Colombia"
278,"Mrs. Evie Archer, Sherlock   2745, Phoenix - 3653, Pakistan"
279,"Mr. Tom Jennson, Cable    5981, Madison - 5447, Liechtenstein"
280,"Mr. Daron Burnley, Fairbairn  7522, Memphis - 8733, Pakistan"
281,"Mr. George Cunningham, Baynes  631, Norfolk - 6778, Kuwait"
282,"Mr. Daron Kaur, Ben   5479, Los Angeles - 5512, Nepal"
283,"Ms. Mary Asher, Apothecary   4226, Berna - 1554, Somalia"
284,"Mr. Javier Murphy, Victoria Rise 1400, Omaha - 8327, Peru"
285,"Mr. Bart White, Collins  6688, Jacksonville - 4661, Croatia"
286,"Ms. Aisha Wilton, Longmoore   7845, Madrid - 1423, Laos"
287,"Mr. Ethan Lynn, Queen 3430, San Jose - 5174, Turkey"
288,"Ms. Michelle Kelly, Chart   174, Tallahassee - 2060, Spain"
289,"Ms. Eden Myatt, Thoresby   6445, St. Louis - 1338, Suriname"
290,"Mrs. Stella Cox, Apothecary   5651, Jersey City - 5470, Italy"
291,"Mr. Jacob Dillon, Blore  1101, Worcester - 5265, Croatia"
292,"Miss Sara Flanders, St. Johs  4193, Salt Lake City - 8113, Spain"
293,"Miss Celia Owen, Bagford   4223, Lyon - 0133, Dominican Republic"
294,"Miss Moira Jackson, Waldram Park  3376, Tokyo - 7655, Kazakhstan"
295,"Mr. William Richardson, Unwin  551, Ontario - 0073, Iceland"
296,"Ms. Penelope Wild, Victoria  5803, Memphis - 3422, Equatorial Guinea"
297,"Miss Sofie Tyler, Queensberry  6224, Prague - 4325, Brazil"
298,"Mr. Denny Bloom, Bales  2306, Miami - 3381, Ghana"
299,"Ms. Leah Ralph, Blackwall  1360, Fort Lauderdale - 5436, Austria"
300,"Ms. Eileen Addley, Coal Wharf  9165, Colorado Springs - 7334, Barbados"
301,"Mr. Hank Mullins, Camera  8500, Memphis - 3535, Syria"
302,"Mrs. Natalie Johnson, Balham   649, Memphis - 0241, Sao Tome and Principe"
303,"Mr. Alan Williams, Camley   2644, Washington - 8638, Guatemala"
304,"Miss Hayden Wilde, Lexington 2662, Salem - 4608, Israel"
305,"Mrs. Ivy Jarvis, Lexington 4280, Indianapolis - 6818, Ghana"
306,"Miss Katelyn Ashwell, Rivervalley 6825, Memphis - 0502, Honduras"
307,"Mrs. Stella Dann, Baylis  6409, Nashville - 2157, Israel"
308,"Miss Skylar Adams, Chatsworth  1670, Denver - 6800, Yemen"
309,"Mr. Nick Walsh, Balfour    8893, Huntsville - 6230, Spain"
310,"Mr. Bob Gilmore, Wadham  7052, Anaheim - 8867, Egypt"
311,"Mr. Gabriel Reading, Falconberg   4964, Garland - 2450, Serbia"
312,"Ms. Melinda Taylor, Clissold  894, Memphis - 1727, Kazakhstan"
313,"Miss Kirsten Pope, Fieldstone 957, Louisville - 2031, Czech Republic"
314,"Mr. Harvey Mitchell, Ernest  8519, Venice - 7311, Bangladesh"
315,"Mrs. Rebecca Harvey, Colombo   6128, Albuquerque - 4137, Egypt"
316,"Ms. Logan Brown, Addison  7307, San Francisco - 7163, Argentina"
317,"Mrs. Aurelia Upton, Anns  9618, Laredo - 4520, Fiji"
318,"Mrs. Felicity Tate, Oxford 5984, Columbus - 3561, Palau"
319,"Mrs. Esmeralda Groves, West 3811, Madrid - 4085, Bahrain"
320,"Ms. Rylee Craig, King William  3522, Chicago - 2875, Jordan"
321,"Mr. Owen Norton, Arlington  9428, Irving - 5208, Kiribati"
322,"Mr. Fred Tennant, Ben   5528, Lisbon - 8878, Malta"
323,"Mr. Javier Brennan, Baylis  9057, Bakersfield - 2807, Uganda"
324,"Miss Tania Duvall, Badric  68, Houston - 4128, Peru"
325,"Ms. Mina Bright, Becklow  6354, Fremont - 0061, Zambia"
326,"Mr. Bryon Turner, Eldon  7367, Fullerton - 2674, Bosnia and Herzegovina"
327,"Mr. Mason Collins, Pine 3626, Colorado Springs - 1435, Denmark"
328,"Mr. Aiden Squire, Argyle  7481, Colorado Springs - 0662, Ethiopia"
329,"Mrs. Tiffany Allcott, Beaumont  6221, Ontario - 6622, Mozambique"
330,"Mrs. Maggie Rixon, Monroe 9538, Albuquerque - 3737, San Marino"
331,"Mr. Josh Jarrett, Enderby   4268, Springfield - 4572, Laos"
332,"Mr. Liam Vollans, Beaumont  8689, Albuquerque - 2362, Belarus"
333,"Mr. Javier Reese, Angela   8924, Ontario - 2531, Belgium"
334,"Mr. Owen Henderson, Aspen 7705, Richmond - 1228, Tanzania"
335,"Mr. Roger Camden, Blackheath  5445, Portland - 5311, El Salvador"
336,"Miss Estrella Matthews, Buttonwood 9918, Quebec - 3021, Guinea"
337,"Miss Phoebe Lee, Lexington 1381, Indianapolis - 4155, Turkmenistan"
338,"Mr. Maxwell Kirby, Sheffield 6446, Escondido - 5850, Botswana"
339,"Mrs. Rosalyn Turner, Lincoln 5818, Madison - 7186, Guyana"
340,"Ms. Regina Donovan, Bingham   7150, Lakewood - 5088, The Bahamas"
341,"Miss Logan Thompson, Canal  5099, Albuquerque - 5728, Iceland"
342,"Ms. Sofie Radley, Chestnut  8009, Honolulu - 8488, Yemen"
343,"Ms. Nicole Rees, Ely  4089, Salt Lake City - 7384, Serbia"
344,"Mr. Cedrick Graham, Castlereagh   1079, Springfield - 7284, Israel"
345,"Ms. Angelica Collis, Adams  660, Ontario - 7847, Austria"
346,"Miss Susan Woodley, Camley   951, Otawa - 6567, Bosnia and Herzegovina"
347,"Mr. Barry Wheeler, Bellenden   744, Fayetteville - 6435, Haiti"
348,"Mr. Enoch Avery, Howard 6887, Indianapolis - 2101, Poland"
349,"Ms. Sofia Gilbert, Clerkenwell 7866, Bucharest - 7443, Estonia"
350,"Miss Ciara Underhill, East 1898, Seattle - 1234, Korea, South"
351,"Mrs. Lindsay Needham, Beaumont  4837, Fullerton - 8040, Eritrea"
352,"Mr. Russel Collingwood, Chapel  8260, Berlin - 3484, Micronesia"
353,"Mrs. Lindsay Bishop, Cadogan  9294, Madrid - 7437, Kiribati"
354,"Mr. Bob Quinton, Bolton  4301, Colorado Springs - 3574, Tunisia"
355,"Mrs. Melanie Vaughan, Bolton  1310, Houston - 3774, Brazil"
356,"Mr. Brad Herbert, Chestnut  2136, Tokyo - 8857, Montenegro"
357,"Miss Emma Dowson, Oxford 1601, Milano - 5832, USA"
358,"Miss Nina Vince, Blue Anchor  4964, Wien - 0564, Tajikistan"
359,"Mr. Alan Redden, Sheraton   6490, Murfreesboro - 1651, Dominica"
360,"Mr. Wade Paterson, East 9416, Jacksonville - 1620, Oman"
361,"Miss Jocelyn Morris, Abbots   7930, Sacramento - 4338, Comoros"
362,"Mr. Erick Keys, Durweston   528, Jersey City - 4661, El Salvador"
363,"Mrs. Amy Greenwood, Abbey   3095, Cincinnati - 8505, Seychelles"
364,"Ms. Carla Beal, Beaconsfield  6657, Jersey City - 7666, Morocco"
365,"Mrs. Stacy Bailey, Cloth  5243, Oklahoma City - 0512, Micronesia"
366,"Mr. Bob Pierce, Marina  329, El Paso - 8468, Grenada"
367,"Ms. Rae Gates, Abbots   3509, Escondido - 4544, Madagascar"
368,"Ms. Leslie Drake, Vine  5041, Oklahoma City - 2748, Mauritania"
369,"Mr. Roger Mooney, Woodland 8204, Cincinnati - 3432, Finland"
370,"Mrs. Destiny Moss, Littlebury  6741, Orlando - 4480, Portugal"
371,"Mr. Luke Windsor, Fieldstone 6789, Wien - 7258, Ecuador"
372,"Mr. Fred Wilcox, Pine 1162, Tokyo - 5611, Vietnam"
373,"Ms. Ciara Carter, Carltoun   4754, Miami - 1034, Venezuela"
374,"Mr. Ethan Walton, Fairview 4799, Valetta - 2528, Pakistan"
375,"Mrs. Caitlyn Wheeler, Cingworth  4694, Quebec - 8530, Mauritania"
376,"Mr. Abdul Egerton, Westcott  7538, Salem - 7063, Djibouti"
377,"Ms. Rebecca Watson, Arline    8757, Orlando - 6381, Kyrgyzstan"
378,"Mr. Wade Lakey, East 5547, San Jose - 0624, Sudan"
379,"Mrs. Valentina Moore, Calvin   785, St. Louis - 2153, Uzbekistan"
380,"Miss Jessica Moran, Bective  3515, Worcester - 3720, Switzerland"
381,"Mr. Peter Reading, Burton  4250, San Jose - 6674, Guinea"
382,"Mr. Danny Wright, Unwin  8902, Jersey City - 2543, Luxembourg"
383,"Mrs. Valentina Hill, Bingham   905, Bridgeport - 3482, Slovenia"
384,"Mr. Kieth Gonzales, Byland  7431, Hollywood - 4208, Benin"
385,"Mr. Danny Hilton, King 7803, Orlando - 0171, Laos"
386,"Ms. Julia Matthews, Coal Wharf  969, Sacramento - 7326, Togo"
387,"Mrs. Miley Dallas, Bagford   9315, Tallahassee - 1666, Liberia"
388,"Mr. Nicholas Alexander, South 2650, Boston - 6533, Algeria"
389,"Mr. Nicholas Donovan, Ayres   933, Huntsville - 3578, Uruguay"
390,"Mr. Rufus Vinton, Bacon  9637, Fullerton - 5352, Tuvalu"
391,"Miss Eryn Forth, Elf  9494, Rochester - 4081, Antigua and Barbuda"
392,"Mr. Kurt Stanton, Aspen 3444, Moreno Valley - 4660, Sweden"
393,"Mr. Percy Cork, Western   8396, Reno - 1083, Eritrea"
394,"Miss Elisabeth Sylvester, Bendall   4554, San Diego - 6335, Turkey"
395,"Mr. Boris Nurton, Mariner   7434, Fremont - 0733, Botswana"
396,"Mrs. Elena Moss, Boldero   523, Ontario - 6527, Norway"
397,"Ms. Paula Holt, Wakley   3206, Worcester - 3254, Sri Lanka"
398,"Mr. Brad Isaac, Vincent  3760, Dallas - 2407, Guinea-Bissau"
399,"Mrs. Sadie Hope, Balfe   9476, Charlotte - 7468, Samoa"
400,"Ms. Irene Simpson, Bennett  9099, Philadelphia - 2810, Kazakhstan"
401,"Miss Phoebe Ebden, Cobden  6026, Murfreesboro - 0268, Côte d’Ivoire"
402,"Ms. Abbey Vince, Mariner  6319, New Orleans - 3644, Malta"
403,"Ms. Lorraine Roman, Clerkenwell 5817, Laredo - 1274, Netherlands"
404,"Mr. Sebastian Mould, Camberwell  9343, San Diego - 1206, Costa Rica"
405,"Mr. Oliver Jarvis, Clifton  7129, San Bernardino - 2236, Turkey"
406,"Miss Bryce Edley, Cleveland  7917, Worcester - 8657, Denmark"
407,"Mr. Hank Gallacher, Ben   2354, Dallas - 3377, Equatorial Guinea"
408,"Miss Miriam Walsh, Heritage 2074, Salem - 0866, Congo"
409,"Mr. Johnathan Butler, Blake  7024, El Paso - 0658, Indonesia"
410,"Mr. Domenic Verdon, Angrave    3769, Fort Lauderdale - 3006, Barbados"
411,"Mr. Doug Blackwall, Marischal  6972, Toledo - 6885, El Salvador"
412,"Ms. Mabel Haines, Chester      7543, Las Vegas - 3760, Malta"
413,"Ms. Ciara Kent, Charterhouse  2803, Rochester - 0283, Kyrgyzstan"
414,"Mr. Ron Hastings, Arundel   2840, Norfolk - 5334, Bolivia"
415,"Mr. Rufus Middleton, Aylward   3292, Philadelphia - 4086, Colombia"
416,"Mr. Carl Trent, Longleigh   5952, Baltimore - 4648, The Bahamas"
417,"Miss Sienna Garner, Cliffords  3966, Omaha - 3550, Maldives"
418,"Miss Helen Douglas, Carlisle  8924, San Jose - 6535, Malta"
419,"Mr. Liam Salt, Hickory   9768, Amarillo - 0482, Andorra"
420,"Ms. Lily Davies, Blackheath   2762, Omaha - 6488, Ethiopia"
421,"Miss Lorraine Harvey, Endsleigh  2174, New York - 5273, Slovakia"
422,"Miss Juliet Shields, Chesterfield  8, Phoenix - 7563, Uganda"
423,"Miss Anais Judd, Durweston   8886, Berna - 1301, Bolivia"
424,"Ms. Wendy Collis, Bishop   6182, Lakewood - 6831, France"
425,"Mr. Gil Walsh, Bloomsbury  806, Memphis - 8456, Romania"
426,"Mrs. Cristal Fulton, East 2198, Quebec - 4511, South Africa"
427,"Mr. Abdul Nielson, Wadham  6935, Charlotte - 7558, Nicaragua"
428,"Mr. Hayden Curtis, Commercial  2435, Bellevue - 0363, Iran"
429,"Mr. Mark Shields, Duthie   6289, Tokyo - 2644, United Arab Emirates"
430,"Mr. Gabriel Ingram, Cobden  9359, Pittsburgh - 2565, Dominican Republic"
431,"Miss Angelina Gray, Canon 1059, Albuquerque - 2021, Slovakia"
432,"Mr. Jack Simpson, Carolina  6981, Salem - 3380, Solomon Islands"
433,"Mr. Chadwick Wills, Maple 1255, Venice - 0772, Brunei"
434,"Mr. Alan Atkinson, Bales  1975, San Antonio - 0153, Slovenia"
435,"Mr. Oliver Eyres, Bayberry 2408, Fayetteville - 3621, Bolivia"
436,"Mr. Nicholas Shea, Cleaver 255, New Orleans - 5860, Monaco"
437,"Mr. Barney Goldsmith, Elizabeth  9150, San Francisco - 5888, Benin"
438,"Ms. Rosie Collins, Battis   9592, Hollywood - 5448, China"
439,"Mr. Erick Wright, King 8447, Atlanta - 6553, Qatar"
440,"Miss Hadley Riley, Queen 5424, Colorado Springs - 7703, Oman"
441,"Mr. Alexander Tait, Cheney  4766, Springfield - 8552, Lesotho"
442,"Mr. Bob Lindsay, Angela   2092, Otawa - 7554, Kiribati"
443,"Mr. Boris Cassidy, Tiptree   1351, Bridgeport - 7355, Andorra"
444,"Mrs. Louise Campbell, Baylis  5158, Garland - 4475, Laos"
445,"Mr. Johnny Parker, Calshot   5747, Worcester - 7381, The Bahamas"
446,"Mr. Tony Kent, Timber   4655, New York - 4530, Mali"
447,"Mrs. Mary Herbert, Buttonwood 9430, Minneapolis - 8508, Cuba"
448,"Mr. Caleb Thatcher, Cloth  8453, Houston - 0333, Peru"
449,"Mr. Logan Lloyd, North 1322, Tokyo - 5633, Belarus"
450,"Mr. Chris Ripley, Dunton  2909, Norfolk - 5406, Indonesia"
451,"Ms. Michelle Davies, Elba  9800, Murfreesboro - 7176, Senegal"
452,"Ms. Candice Todd, Catherine  3235, Seattle - 3568, Israel"
453,"Mr. Nick Spencer, Union  7339, Garland - 2051, Latvia"
454,"Mr. Bart Mooney, Ensign   5123, Scottsdale - 0681, Suriname"
455,"Mrs. Trisha Lynch, Kilner   3360, Arlington - 1183, Korea, North"
456,"Mrs. Havana Weatcroft, Bellenden  4495, Atlanta - 6107, Greece"
457,"Miss Juliette Nobbs, Waite  8002, Lakewood - 3116, Paraguay"
458,"Ms. Madelyn Eddison, Camdenhurst   9672, Moreno Valley - 6861, Papua New Guinea"
459,"Mr. Michael Ebden, Ayres   4136, Kansas City - 3677, Cuba"
460,"Ms. Wendy Thornton, Coborn  9411, Henderson - 3642, Slovakia"
461,"Miss Ciara Yard, Baltic  1166, Glendale - 4480, India"
462,"Mrs. Agnes Matthews, Cliff  3533, Rochester - 2247, Mauritius"
463,"Mrs. Catherine Asher, Norfolk  7975, Houston - 5713, Cameroon"
464,"Ms. Rita Bradley, Canon 3495, Omaha - 7080, New Zealand"
465,"Mr. Russel Avery, Cato   309, Richmond - 3801, Saint Lucia"
466,"Miss Candice Cork, Fieldstone 4919, Albuquerque - 1235, Swaziland"
467,"Mr. Brad Holmes, Church 9715, Kansas City - 0210, Nigeria"
468,"Mr. Sebastian Ellis, York 334, Cincinnati - 0721, Central African Republic"
469,"Miss Evelynn Speed, Betton  9870, Paris - 4641, Mexico"
470,"Mr. Nathan Miller, Spruce 1547, Omaha - 2763, Kenya"
471,"Mrs. Sofie Donovan, Abourne   6175, Lincoln - 8414, Saudi Arabia"
472,"Mrs. Janice Dyson, Cedarne  5054, San Diego - 7240, Nauru"
473,"Miss Camden Walter, Castlereagh   8638, Minneapolis - 6472, Korea, South"
474,"Mr. Noah Price, Victoria Rise 1275, Jersey City - 5625, Italy"
475,"Mr. Wade Dyson, Chicksand  5448, Tulsa - 6335, Ethiopia"
476,"Mr. Daron James, West 7146, Tulsa - 4204, Seychelles"
477,"Mr. Daron Bryson, King William  3841, Fullerton - 3187, Myanmar"
478,"Mr. Owen Nielson, Babmaes    5833, El Paso - 3305, Iceland"
479,"Mr. Liam Lindsay, Ely  1520, Huntsville - 7716, Laos"
480,"Mr. Peter Taylor, Dunstans  2124, Cincinnati - 4478, Finland"
481,"Mr. Maxwell Heaton, Carlisle  148, Irving - 5712, Belgium"
482,"Miss Andrea Nielson, Oxford 276, Lancaster - 4306, Austria"
483,"Miss Wendy Nicholls, Bloomsbury  1957, Lancaster - 8518, Azerbaijan"
484,"Ms. Georgia Baxter, Hickory Lane 1292, Portland - 0074, The Bahamas"
485,"Miss Faith Vaughan, Apostle  4859, San Jose - 0725, Honduras"
486,"Mr. Leroy Reid, Viscount   3946, Norfolk - 3830, Uganda"
487,"Mr. Ronald Johnson, Waite  6754, Portland - 2335, Tanzania"
488,"Ms. Carmella Miller, Thrale   9268, San Jose - 5536, Bahrain"
489,"Mr. Clint Lane, Bigland  1253, Dallas - 1651, Kyrgyzstan"
490,"Mr. Josh Campbell, Hickory Lane 3363, New York - 5867, New Zealand"
491,"Mr. Owen Willis, Calvin   3937, Innsbruck - 8003, Somalia"
492,"Ms. Phoebe Taylor, Camera  3536, Honolulu - 1816, The Bahamas"
493,"Mr. Javier Newton, Abbots   1834, Bakersfield - 1308, Malawi"
494,"Mr. Wade Redfern, Glenwood 2175, San Jose - 4788, Suriname"
495,"Mr. Mike Hopkins, Carol   6642, Miami - 4008, Uzbekistan"
496,"Miss Chelsea Kerr, Fairholt   1494, Anaheim - 0136, Saint Vincent and the Grenadines"
497,"Mr. Alexander Riley, Chancellor  2096, Otawa - 1272, Estonia"
498,"Mrs. Alma Walter, Under  4309, Fullerton - 3640, Liechtenstein"
499,"Mrs. Ruth Mooney, Cleaver 8915, Stockton - 5853, Azerbaijan"
500,"Miss Cadence Simpson, Baynes  7997, Louisville - 3554, Bhutan"
501,"Mr. Chad Healy, Chalcot  3723, Springfield - 5448, Benin"
502,"Miss Marigold Fulton, Betton  7438, Huntsville - 6117, Indonesia"
503,"Mr. Ramon Dallas, Carltoun   6675, Los Angeles - 1018, Vatican City"
504,"Mr. Elijah Marshall, Bede  7939, Phoenix - 3632, Slovenia"
505,"Mr. Ron Rowan, Liverpool  7159, Jersey City - 4040, Suriname"
506,"Mr. George Rowe, Spruce 7431, Innsbruck - 3048, Serbia"
507,"Mr. Bob Hamilton, Bayberry 4741, Kansas City - 3758, Palau"
508,"Miss Carrie Morley, Bliss  4003, Tallahassee - 8271, Zambia"
509,"Mr. Mason Grady, Chamberlain  8465, San Francisco - 3023, Honduras"
510,"Miss Ember Rossi, Sundown 6909, New Orleans - 7447, Kiribati"
511,"Miss Alessia Stanley, Epworth  420, Salt Lake City - 6270, Poland"
512,"Ms. Valerie Widdows, Clerkenwell 5343, Milwaukee - 6421, India"
513,"Miss Rose Higgs, King Edward  3412, Paris - 6877, Zimbabwe"
514,"Miss Sharon Vallins, Elizabeth  6851, Milwaukee - 3727, Algeria"
515,"Mrs. Maribel Noach, Bocking   1593, Valetta - 7632, Chad"
516,"Mr. Nate Clayton, Blendon    3150, Moreno Valley - 0384, Eritrea"
517,"Mr. Caleb Neville, Apostle  8110, Kansas City - 0740, Nauru"
518,"Ms. Jaylene Ellis, Chapel  9382, Oklahoma City - 8355, Gabon"
519,"Mr. Danny Williams, Parkgate  7583, Oakland - 4006, Slovakia"
520,"Mrs. Cameron Kelly, Birkbeck  2140, Irving - 8351, Dominican Republic"
521,"Miss Marla Farrell, Thorndike   5640, Fayetteville - 5474, Maldives"
522,"Miss Shannon Campbell, Cecilia  5598, Pittsburgh - 6481, Ghana"
523,"Mrs. Courtney Brooks, Calvin   6504, Arlington - 6824, Afghanistan"
524,"Ms. Penelope Woodcock, Linda Lane 168, Amarillo - 6147, Rwanda"
525,"Mrs. Aeris Thatcher, Beaconsfield  4658, Las Vegas - 0781, Saint Lucia"
526,"Mr. Mason Allwood, Elba  7136, Fort Lauderdale - 7180, Bangladesh"
527,"Ms. Carmella Patel, North 3926, Worcester - 7624, Russia"
528,"Mr. Erick Norburn, Boldero   4461, Baltimore - 1126, Antigua and Barbuda"
529,"Ms. Doris Zaoui, King Edward  9376, Madrid - 7443, Mexico"
530,"Mrs. Livia Andrews, Collins  2604, Bakersfield - 4312, Guinea"
531,"Mr. Rick Harrison, Egerton  8547, Miami - 1441, Congo, Republic of the"
532,"Mr. Bob Harper, South 6827, Venice - 0006, Peru"
533,"Mr. Alexander Egerton, Carpenter 1586, Portland - 1784, Uzbekistan"
534,"Miss Mya Edley, Antrobus   1786, Salem - 2321, Italy"
535,"Mr. Julius Funnell, Baltic  2716, Richmond - 7773, Zambia"
536,"Mrs. Valentina Vince, Unwin  9857, Quebec - 2574, Guinea-Bissau"
537,"Ms. Candice Harvey, Billing  4368, Indianapolis - 0151, Ukraine"
538,"Ms. Vicky Robinson, Chart   7298, Detroit - 4205, China"
539,"Miss Tiffany Avery, Cam  9564, Irving - 8646, Qatar"
540,"Ms. Stella Hogg, Coalecroft  3053, Oklahoma City - 3417, Comoros"
541,"Mrs. Molly Abbot, Bliss  244, Glendale - 8636, Somalia"
542,"Ms. Hailey Little, Sherwood  2175, Bakersfield - 8482, Iran"
543,"Mr. Henry Wade, Parkfield  2238, Lyon - 8012, Togo"
544,"Mr. Tom Bowen, Tilson  7538, Escondido - 8585, Germany"
545,"Ms. Rosalyn Oldfield, Enderby   9187, Milwaukee - 1170, Madagascar"
546,"Miss Lana Todd, Camelot   8252, Fullerton - 6786, Turkmenistan"
547,"Mrs. Harmony Harris, Shepherds  3101, Fullerton - 6764, San Marino"
548,"Mr. Erick Flack, Antrobus   1220, Dallas - 6637, United Arab Emirates"
549,"Miss Jamie Dixon, Dutton   9146, New Orleans - 5538, Malaysia"
550,"Mr. Chris Underhill, Chester      2947, Colorado Springs - 1216, Gabon"
551,"Miss Danielle Burnley, Beaumont  9877, Zurich - 8433, Kenya"
552,"Mr. Matthew Kerr, Balham   9449, Bridgeport - 3603, Peru"
553,"Miss Hayden Rixon, Dunton  5784, Scottsdale - 1176, Guinea-Bissau"
554,"Miss Harmony Higgs, Rosewood 855, Boston - 2850, Sudan, South"
555,"Mr. Gabriel Gilmore, St. Johs  2762, New York - 8370, Chad"
556,"Miss Darlene Howard, Apollo  2913, Phoenix - 0455, Lesotho"
557,"Mr. Lucas Shields, Woodland 1505, Lakewood - 8608, Sudan, South"
558,"Ms. Destiny Vollans, Ellerman   7564, Cincinnati - 4763, Iceland"
559,"Ms. Rowan Cowan, Gavel   554, Kansas City - 8266, Spain"
560,"Ms. Sage Palmer, Lake 677, Lakewood - 0853, Bangladesh"
561,"Mr. Barney Roscoe, Tisbury  1308, Atlanta - 8528, Uruguay"
562,"Mr. Ramon Townend, Monroe 9564, San Francisco - 7500, Poland"
563,"Mr. Peter Oakley, Edwin   2950, Laredo - 1787, Guinea"
564,"Mrs. Penelope Bennett, Clarks  6845, Portland - 5245, Poland"
565,"Ms. Rihanna Robe, Blenkarne  5646, Quebec - 5730, Trinidad and Tobago"
566,"Miss Kenzie Rycroft, Sherlock   7110, Santa Ana - 6376, Sudan"
567,"Ms. Esmeralda Boyle, Baltic  4065, San Jose - 0766, Luxembourg"
568,"Mr. Tom Edler, Ellerman   2443, London - 5364, Tonga"
569,"Mrs. Melinda Fenton, Collent   8820, Long Beach - 2561, Georgia"
570,"Mr. Nathan Ashwell, Kinglake  9963, Saint Paul - 7052, Mauritania"
571,"Mrs. Belinda Owens, Union  1042, Wien - 1513, Niger"
572,"Miss Mina Sawyer, Monroe 4093, Lyon - 2073, Peru"
573,"Miss Carrie Rycroft, Eaglet  6581, Madrid - 8157, Chile"
574,"Ms. Judith Ebbs, Buttonwood 9843, Chicago - 6754, Saint Kitts and Nevis"
575,"Mrs. Victoria Lewin, Sheffield 9643, New York - 8102, Kyrgyzstan"
576,"Miss Alba Lunt, Bempton   3745, Lancaster - 3817, Guyana"
577,"Mr. Harry Vaughn, Fairview 6391, Hollywood - 2436, Haiti"
578,"Mr. Luke Ianson, Emden   9102, Bucharest - 0838, El Salvador"
579,"Mrs. Jackeline Gordon, Gavel   1309, Innsbruck - 3610, Bahrain"
580,"Mr. Michael Nash, Bishop   184, Venice - 1856, Saudi Arabia"
581,"Mrs. Isla Richardson, Westbourne 8725, Washington - 1551, Estonia"
582,"Mrs. Monica Judd, Berriman  3114, Sacramento - 0537, Libya"
583,"Mr. Anthony Simpson, Queen Caroline   7607, Fayetteville - 2774, South Africa"
584,"Mr. Leroy Umney, Wadham  9085, Madrid - 7667, Spain"
585,"Mr. Bart Collins, Thomas  7384, Indianapolis - 4476, Japan"
586,"Mrs. Jenna Egerton, Cleveland  8518, Lincoln - 8168, Bulgaria"
587,"Miss Britney Selby, Adams  696, Ontario - 5541, Cambodia"
588,"Mrs. Adalind Hardwick, Fairview 9226, Lincoln - 5448, Russia"
589,"Mrs. Quinn Thomas, Liverpool  8613, Seattle - 0515, Morocco"
590,"Miss Vera Ripley, Bendmore  395, Salt Lake City - 4271, Djibouti"
591,"Ms. Ruth Nicholls, Cockspur  3672, Berna - 4665, Solomon Islands"
592,"Ms. Julia Gonzales, Sheringham   952, Salem - 5703, Gabon"
593,"Mrs. Sydney Thomas, Coalecroft  5309, Paris - 2312, Cameroon"
594,"Mr. Jack Skinner, Beatty  268, Miami - 8106, Kosovo"
595,"Ms. Freya Dickson, Clere  5397, Salem - 4586, India"
596,"Miss Bridget Rees, Hickory Lane 2323, Bakersfield - 5734, Latvia"
597,"Mr. Eduardo Ring, Cockspur  4865, Rome - 3813, Djibouti"
598,"Ms. Carina Egerton, Church 8501, Fayetteville - 3335, Bolivia"
599,"Mr. Nick Mann, Ellerman   598, Los Angeles - 6744, Gabon"
600,"Mr. Denis Glynn, Adelaide  3758, Fort Lauderdale - 4500, Dominican Republic"
601,"Ms. Selena Chadwick, Cleaver 1065, Atlanta - 2228, Myanmar"
602,"Mr. Chris Egerton, Andrews  7311, Innsbruck - 6402, Madagascar"
603,"Mr. Ronald Pickard, Balfe   1917, Salt Lake City - 7183, Brunei"
604,"Miss Lorraine Benfield, Blackpool  2343, London - 3430, Greece"
605,"Mr. Gil Thomson, Bacton   3427, Norfolk - 4000, Romania"
606,"Mrs. Agnes Forth, Black Friars   1293, Escondido - 0273, Portugal"
607,"Mr. Enoch Wilson, Abourne   8899, Salt Lake City - 5821, Somalia"
608,"Mr. Kieth Wise, Canon 8786, Irving - 2605, China"
609,"Ms. Sharon Hamilton, Yoakley 278, Oklahoma City - 0734, Angola"
610,"Mr. Manuel Drummond, Thomas  4374, London - 7208, Cambodia"
611,"Mrs. Agnes Avery, Oxford 1177, Bucharest - 2720, Bhutan"
612,"Miss Isabel Hood, Hampden  750, Denver - 6662, United Kingdom"
613,"Mr. Nate Newton, Betton  7898, Bellevue - 1231, Philippines"
614,"Mr. Daniel Oliver, Chalcot  2833, Indianapolis - 2543, Chile"
615,"Mrs. Margot Vangness, Fairholt   2273, Stockton - 4263, Uruguay"
616,"Mr. Rufus Glynn, Carlisle  8848, Lincoln - 3577, South Africa"
617,"Mr. Denny John, Central  9641, Bridgeport - 4112, San Marino"
618,"Miss Sasha Spencer, Fieldstone 7251, San Jose - 2728, Lebanon"
619,"Mrs. Lucy Rehman, Thorndike   996, Saint Paul - 1540, Papua New Guinea"
620,"Mr. Wade Clarke, Clarges   7988, Chicago - 5423, Italy"
621,"Mr. Percy Vollans, Western   5978, Colorado Springs - 7466, Kiribati"
622,"Miss Margot Taylor, Parkgate  575, Dallas - 1771, Tanzania"
623,"Mr. Barry Raven, Caslon   3347, Rochester - 4881, Papua New Guinea"
624,"Mr. Erick Chester, Spruce 2349, Quebec - 1834, Albania"
625,"Mr. Tyler Andrews, Cockspur  2108, San Jose - 7643, Romania"
626,"Miss Lynn Johnson, Abbots   1838, Huntsville - 8650, Togo"
627,"Mr. Nick Russell, Bethwin  467, Fremont - 1502, Burundi"
628,"Mr. Josh Dixon, Parkfield  3175, Cincinnati - 4345, Monaco"
629,"Miss Evelynn Stewart, Andrews  5248, Madison - 0311, Nicaragua"
630,"Mr. Bart Weldon, Kimberley  2052, Sacramento - 3457, Mexico"
631,"Mr. Jack Robinson, Gathorne   5748, Milano - 6043, Mauritania"
632,"Mr. Abdul Harrington, St. Johs  2325, Huntsville - 0578, Equatorial Guinea"
633,"Mr. George Rainford, South 2642, Chicago - 4084, Oman"
634,"Ms. Macy Norris, Cliffords  4250, Hollywood - 2312, Sri Lanka"
635,"Mr. Erick Snow, Clissold  7806, Salt Lake City - 3161, Ukraine"
636,"Mrs. Bree Bingham, Cedarne  8311, Charlotte - 4340, China"
637,"Mr. Chadwick Larsen, Fairholt   7754, Arlington - 1646, Jamaica"
638,"Ms. Logan Boden, Caslon   442, Milwaukee - 3827, Bhutan"
639,"Mr. Hank Higgs, Parkfields 8597, Anaheim - 8421, Brunei"
640,"Miss Evie Fulton, Vintners  9948, Richmond - 4552, Peru"
641,"Miss Mary Avery, Bagford   6633, Tulsa - 6285, Gabon"
642,"Mr. Tom Tanner, Chester      8012, Baltimore - 1017, Thailand"
643,"Mrs. Jackeline Wilson, Garfield 3540, Reno - 8835, Comoros"
644,"Ms. Nina Tanner, Cheney  4464, Berna - 3277, Nepal"
645,"Ms. Rosie Harvey, Balfour    1700, Oakland - 7867, Swaziland"
646,"Mrs. Ruth Jones, Babmaes    6653, Los Angeles - 1035, Philippines"
647,"Miss Callie Jeffery, Timothy  3856, Bridgeport - 6707, Grenada"
648,"Miss Analise Forester, Linda   7108, Columbus - 4340, Cabo Verde"
649,"Mrs. Rachael Higgs, Ernest  6528, Oakland - 5683, Ireland"
650,"Mr. Javier Nelson, Rivervalley 1432, Salt Lake City - 6660, Myanmar"
651,"Miss Rosalyn Knott, Chart   1060, Albuquerque - 8716, Guatemala"
652,"Ms. Rosie Seymour, Chalcot  2658, Bellevue - 7338, Belgium"
653,"Mr. Russel Blackburn, Meadow 4013, Indianapolis - 1461, Saint Vincent and the Grenadines"
654,"Mr. Enoch Morgan, Timothy  4949, Amarillo - 5202, Bahrain"
655,"Mr. Mark Ellison, Viscount   2576, Hollywood - 0077, Japan"
656,"Miss Renee Ebbs, Clissold  6124, Irving - 4838, Malawi"
657,"Mr. Tony Dobson, Lake 2879, Washington - 4746, Croatia"
658,"Miss Naomi Jennson, Collent   1322, Stockton - 3408, Brazil"
659,"Mrs. Lindsay Weldon, Belgrave  7218, Salt Lake City - 1028, Lithuania"
660,"Mr. Michael Thorne, Blake  3054, Berlin - 1213, Belarus"
661,"Mr. Erick Whitmore, Sundown 5859, Omaha - 4530, Bahrain"
662,"Mr. Javier Huggins, Duthie   5927, London - 7850, Sudan, South"
663,"Mr. Manuel Nicholls, Berriman  7215, Tulsa - 6116, Swaziland"
664,"Mrs. Norah Hogg, Shepherds  5277, St. Louis - 6043, United Arab Emirates"
665,"Miss Jane Jeffery, Bicknell  4769, Jacksonville - 3311, Indonesia"
666,"Mr. Johnny Dobson, Caslon   2359, Honolulu - 1821, Norway"
667,"Mr. Barry Stuart, Bletchley   3329, Sacramento - 0080, Jamaica"
668,"Mr. Ramon Lee, West 2809, New Orleans - 7176, Iraq"
669,"Mrs. Jolene Clark, Mariner  1526, Huntsville - 7577, Congo, Republic of the"
670,"Ms. Rhea London, Thurloe   1453, Berlin - 6200, Latvia"
671,"Ms. Alex Appleton, Collent   3938, Philadelphia - 8282, Syria"
672,"Mr. Nathan Addis, Endsleigh  1846, Oakland - 0013, Georgia"
673,"Mr. Nate Owen, North 9681, Fullerton - 1204, Slovenia"
674,"Mr. Tony Donovan, Gavel   9472, Fremont - 2015, Afghanistan"
675,"Mr. Johnathan Briggs, East 631, Detroit - 1764, Italy"
676,"Miss Jolene Lee, Thomas  807, Phoenix - 3284, Peru"
677,"Mr. William Harrington, Rosewood 572, Wien - 0762, Mauritania"
678,"Miss Leslie Booth, Garfield 4313, Rome - 5781, Switzerland"
679,"Mrs. Callie Lunt, Thorndike   2456, Garland - 7480, Ireland"
680,"Miss Liliana Samuel, Belfort  3753, Zurich - 2508, Guinea-Bissau"
681,"Mrs. Jocelyn Lane, Dunstans  9447, Las Vegas - 1280, Iceland"
682,"Ms. Catherine Welsch, Dunstans  4642, Springfield - 3601, Haiti"
683,"Mr. Daniel Hobbs, Collingwood  8488, Oklahoma City - 0316, Denmark"
684,"Mrs. Aisha Robinson, Blackpool  9550, Chicago - 1540, Israel"
685,"Miss Kimberly Hepburn, Hammersmith  6299, Indianapolis - 1260, Finland"
686,"Mr. Logan Ogilvy, Baynes  882, Prague - 4355, Venezuela"
687,"Miss Taylor Whitmore, Dunton  657, San Antonio - 3536, Namibia"
688,"Mr. Tyson Gunn, Battis   6402, Reno - 2354, Slovakia"
689,"Miss Sara Ryan, Arline    5779, Salem - 0170, Uzbekistan"
690,"Mr. Clint Watson, North 7160, Henderson - 6764, Cuba"
691,"Miss Amy Knight, Lincoln 3444, Pittsburgh - 4283, Uruguay"
692,"Mr. Oliver Yarlett, Chestnut  6290, Otawa - 1364, Georgia"
693,"Mr. Jayden Chapman, Fairfield  8427, Worcester - 5467, Malaysia"
694,"Mr. Carl Fox, Queensberry  4719, San Jose - 2287, Poland"
695,"Ms. Keira Pitt, Bishop   3351, Oakland - 8365, New Zealand"
696,"Mr. Henry Edwards, Arbutus   7806, Salt Lake City - 6372, Afghanistan"
697,"Miss Ember Addis, Sundown 3036, Hayward - 1554, Liechtenstein"
698,"Mrs. Renee Silva, Becher  9313, Nashville - 1866, Saudi Arabia"
699,"Miss Logan Patel, Camera  1899, Washington - 2786, Saint Vincent and the Grenadines"
700,"Mr. Martin Briggs, Bigland  3661, Colorado Springs - 4461, India"
701,"Mr. Danny Brown, Bellenden   1100, Irving - 7184, Slovenia"
702,"Mr. Luke Ellison, Virginia 2573, Murfreesboro - 2537, Switzerland"
703,"Ms. Zara Andrews, Cable    2392, San Diego - 6662, Congo, Republic of the"
704,"Mr. Boris Bingham, Beaumont  9051, Venice - 3325, Iran"
705,"Mr. Alan Marshall, Blean   9150, London - 7051, Yemen"
706,"Ms. Bree Shea, West 7682, Reno - 6058, Armenia"
707,"Mr. Kieth Holmes, Abbotswell  4885, Moreno Valley - 0465, Kosovo"
708,"Mr. Caleb Gonzales, West 4627, Houston - 8638, Saint Kitts and Nevis"
709,"Mr. Chuck Fisher, Cleveland  9348, Orlando - 3376, Slovenia"
710,"Mr. Bryon Fisher, Edwin   949, Portland - 1428, Turkmenistan"
711,"Mr. Johnny Baker, Bendmore  708, Sacramento - 1776, Taiwan"
712,"Ms. Angelica Stanton, King William  2377, Tallahassee - 1417, Brazil"
713,"Mr. Henry Fleming, Viscount   7652, Los Angeles - 6073, Israel"
714,"Mr. Ryan Dunbar, Parkfields 6165, Rome - 1870, Portugal"
715,"Mr. Hayden Nayler, Abbey   7949, Scottsdale - 1054, Lebanon"
716,"Ms. Madelyn Drummond, Coborn  9722, Valetta - 5788, Slovakia"
717,"Mr. Tom Jefferson, Carnegie   7185, Lakewood - 2030, Jamaica"
718,"Mr. Abdul Dunbar, Babmaes    2427, Chicago - 0382, Cabo Verde"
719,"Mrs. Aurelia Dallas, Wager   4428, New York - 5245, Somalia"
720,"Mr. Caleb Mcgregor, Bingham   2343, Saint Paul - 5821, Madagascar"
721,"Mr. Chadwick Andersson, Bayberry 9350, Tokyo - 6667, Andorra"
722,"Miss Stephanie Gardner, Andsell    5053, Wien - 4873, Panama"
723,"Ms. Sabina Seymour, Calshot   6645, Albuquerque - 7146, Suriname"
724,"Mr. Roger Talbot, Marischal  8339, Innsbruck - 0736, Uzbekistan"
725,"Miss Carissa Weatcroft, Balham   7619, Bridgeport - 3667, Armenia"
726,"Mr. Luke Allington, Comet House  946, Las Vegas - 1244, Micronesia"
727,"Mr. William Price, Bellenden  3456, Portland - 3356, Yemen"
728,"Mr. Logan Todd, Bennett  2992, Columbus - 3466, Eritrea"
729,"Ms. Erica Bayliss, Anns  6129, Madison - 0380, Tonga"
730,"Mr. Hayden Knott, Ellerman   4569, Hollywood - 8104, Samoa"
731,"Mr. Sebastian Miller, Woodland 2006, Worcester - 6845, Serbia"
732,"Ms. Aleksandra Rehman, Byland  6667, Charlotte - 4616, United Kingdom"
733,"Ms. Havana Spencer, Spruce 8249, Garland - 3561, Saint Lucia"
734,"Mr. Ethan Tennant, Blackheath   3106, Miami - 1844, Sierra Leone"
735,"Ms. Cristal Nash, Queensberry  9869, Tokyo - 3784, Costa Rica"
736,"Mrs. Aileen Eastwood, Bazely   2981, Jacksonville - 1813, Cameroon"
737,"Miss Kendra Poole, Bingham   5090, San Jose - 8655, Comoros"
738,"Miss Peyton Lee, Erindale 8162, Lincoln - 3044, Indonesia"
739,"Ms. Elle Cadman, Longman   4294, Detroit - 3700, Marshall Islands"
740,"Mr. Johnathan Lewis, Bellenden  5368, Amarillo - 1740, Solomon Islands"
741,"Mr. Chad Ellery, Bolingbroke  9894, Fremont - 8211, Serbia"
742,"Miss Katelyn Reynolds, Black Swan  2638, Otawa - 8676, Malawi"
743,"Mr. Hayden Osmond, Collins  3189, Wien - 7144, Madagascar"
744,"Mr. John Mitchell, South 1186, Boston - 6426, Brazil"
745,"Miss Jennifer Irving, Angrave    1396, Hayward - 2330, Angola"
746,"Mr. Johnny Camden, Arctic   2876, Boston - 0262, Djibouti"
747,"Mr. Peter Radley, Clifton  980, Omaha - 7801, Indonesia"
748,"Mrs. Andie Hardwick, Victoria  2556, Kansas City - 5686, Pakistan"
749,"Ms. Luna Eagle, Eaglet  7200, Murfreesboro - 4325, Thailand"
750,"Mr. Danny Newton, Rail 1744, Washington - 0838, Sudan, South"
751,"Ms. Mina Windsor, Cleveland  6520, Seattle - 0116, Iraq"
752,"Mrs. Jules Marshall, Dyott   6774, Atlanta - 6713, Slovenia"
753,"Mr. Kurt Marshall, Chatfield  6725, Valetta - 3378, Indonesia"
754,"Mr. Gabriel Larkin, Gathorne   6095, Los Angeles - 4436, Tonga"
755,"Ms. Leanne Reynolds, Queen 2159, Lakewood - 1683, Bangladesh"
756,"Miss Sylvia Allen, Thrale   3644, Huntsville - 6378, Cuba"
757,"Mr. Rocco Pitt, East 8655, Berlin - 1230, South Africa"
758,"Mr. Rufus Briggs, York 8312, Bellevue - 3048, Seychelles"
759,"Ms. Remy Ross, Bolton  45, Lincoln - 5135, Guinea-Bissau"
760,"Mr. Boris Holmes, Ellerslie 3140, Long Beach - 4672, Kazakhstan"
761,"Miss Sara Stark, Bedford  5593, Fullerton - 1768, Cabo Verde"
762,"Mr. Martin Kelly, Tilloch   4640, Madison - 7436, Korea, North"
763,"Ms. Janice Gonzales, Berriman  4145, Zurich - 4812, Barbados"
764,"Mr. Kieth Robinson, Monroe 4144, Zurich - 5657, Iraq"
765,"Ms. Bristol Page , East 4488, Milwaukee - 4034, Liberia"
766,"Mr. Gil Ashwell, Rivervalley 5114, Salem - 7488, Kenya"
767,"Mr. Domenic Vass, King 1195, Lancaster - 4300, El Salvador"
768,"Mr. Chester Roberts, Linden 7612, Sacramento - 7052, Nigeria"
769,"Mr. Wade Mason, Calshot   9380, Colorado Springs - 6137, Liberia"
770,"Miss Marjorie Foxley, Camera  9349, Fullerton - 1001, Jamaica"
771,"Miss Samantha Warden, Ashley 780, Hayward - 7517, Fiji"
772,"Mrs. Dorothy Knight, Virginia 3546, Philadelphia - 7263, Honduras"
773,"Miss Alba Latham, Mariner  910, Laredo - 2687, Kazakhstan"
774,"Ms. Allison Allington, Queen 9354, Colorado Springs - 8040, Armenia"
775,"Mr. Doug Reese, Westbourne 3630, Lisbon - 5244, Rwanda"
776,"Mr. Elijah Rogers, North 4882, Memphis - 8552, Oman"
777,"Mr. Leroy Avery, Bond 5229, Bellevue - 6663, Chile"
778,"Mr. Percy Goodman, Gatonby   2450, Escondido - 6480, Côte d’Ivoire"
779,"Ms. Melania Gardner, Canon 296, Colorado Springs - 0167, Croatia"
780,"Mr. Oliver Dubois, Arthur  7584, Hayward - 2303, Rwanda"
781,"Miss Rita Devonport, Virgil   5055, Pittsburgh - 8635, Burkina Faso"
782,"Mrs. Erica Cork, Eldon  2428, Bucharest - 3562, Italy"
783,"Mr. Peter Rehman, Chicksand  7580, Louisville - 6732, Liberia"
784,"Mr. Joseph Phillips, Cavell   8910, Pittsburgh - 5071, Ghana"
785,"Mr. Lucas Silva, Chatsworth  220, Amarillo - 5476, Togo"
786,"Mr. Alexander Downing, Dutton   9057, Glendale - 1216, Dominican Republic"
787,"Mr. Daron Graham, Heritage 6381, Kansas City - 6264, Kuwait"
788,"Ms. Olivia Rowe, Lake 5816, Detroit - 0685, Central African Republic"
789,"Miss Margaret Carpenter, Catherine  365, Miami - 1386, Equatorial Guinea"
790,"Ms. Anabelle Grey, Belfort  9444, Tulsa - 2375, Peru"
791,"Miss Cadence Vane, Burton  7267, Los Angeles - 5515, Korea, South"
792,"Mr. Danny Page , Geffrye   3999, Anaheim - 3501, Zimbabwe"
793,"Mr. Chadwick Neville, Bury  3650, Houston - 1178, Seychelles"
794,"Mr. Denis Collins, Addison  1037, Tokyo - 5538, South Africa"
795,"Ms. Colleen Windsor, Baylis  1754, Boston - 1746, Germany"
796,"Mr. Barry Nanton, West 4485, Richmond - 1158, Turkey"
797,"Miss Peyton Ebbs, Thomas  5690, Irving - 5065, Seychelles"
798,"Miss Eileen Ward, Mariner  7494, Salem - 8842, Zimbabwe"
799,"Miss Natalie Owens, Camberwell  7638, Indianapolis - 5343, Zimbabwe"
800,"Mr. Elijah Adams, Cheney  1879, St. Louis - 5318, Costa Rica"
801,"Ms. Jamie Woodley, Marischal  101, Scottsdale - 0685, Italy"
802,"Mr. Nathan Marshall, Calshot   9614, Pittsburgh - 7360, Thailand"
803,"Mr. Carl Larkin, Hamilton  6771, San Bernardino - 6755, USA"
804,"Ms. Natalie Shepherd, Chantry   3897, New Orleans - 8187, Nigeria"
805,"Mr. Brad Shields, Chester  523, Escondido - 6157, Taiwan"
806,"Mr. Denis Pickard, Aylward   8270, Louisville - 7738, Romania"
807,"Mr. Ronald Emmett, Dunstable   479, Moreno Valley - 5078, Cabo Verde"
808,"Mrs. Sloane Holmes, Geffrye   9004, Portland - 6164, Seychelles"
809,"Mr. Denis Pratt, Viscount   579, London - 3085, Iceland"
810,"Mr. Benny Owens, Bush  2841, Madrid - 0765, Sudan, South"
811,"Mr. Michael Williams, Viscount   2898, Henderson - 0783, Portugal"
812,"Mr. Matt Jacobs, Gautrey  5526, Fort Lauderdale - 3716, Monaco"
813,"Miss Jackeline Hilton, Calshot   4617, Salem - 7717, Swaziland"
814,"Mrs. Kimberly Davies, Armory  5846, Garland - 1878, Serbia"
815,"Mr. Caleb Whittle, Enford   1799, New York - 3855, Ethiopia"
816,"Mr. Boris Gray, Paris   5191, San Antonio - 0514, Egypt"
817,"Mrs. Trisha Clifford, Thomas Doyle   5945, Quebec - 4645, Monaco"
818,"Miss Erin Ramsey, Thomas More   4390, Venice - 8683, Kosovo"
819,"Miss Lillian Sanchez, Clarges   8795, Colorado Springs - 1735, Guatemala"
820,"Mr. Aiden Stewart, Ampton  1868, Salt Lake City - 8573, Greece"
821,"Ms. Gladys Shaw, Yorkshire  5848, Minneapolis - 6083, Syria"
822,"Mrs. Nina Chapman, Spruce 4689, Fayetteville - 4311, Turkey"
823,"Mr. Johnny Speed, Falconberg   4402, Bucharest - 0452, East Timor (Timor-Leste)"
824,"Mrs. Wendy Lewis, Eaglet  9015, Bakersfield - 5341, Bahrain"
825,"Mr. Hank Rainford, Spruce 9283, Valetta - 8822, Madagascar"
826,"Mr. Erick Hancock, Chambers  2845, Chicago - 4337, Micronesia"
827,"Miss Chelsea Brown, Ernest  5277, Paris - 3326, Brunei"
828,"Miss Callie West, Balfe   2801, Norfolk - 7330, Lesotho"
829,"Mrs. Willow Nicolas, Bishop   6546, Sacramento - 3305, Qatar"
830,"Mr. Manuel Partridge, Pine 8238, Fort Lauderdale - 8813, Saint Vincent and the Grenadines"
831,"Miss Sasha Hewitt, Bocking   9874, Moreno Valley - 0603, Costa Rica"
832,"Ms. Karla Rehman, Cardinal 3810, Jersey City - 1130, Romania"
833,"Mr. Boris Marshall, Chelsea Manor  892, Long Beach - 8141, Switzerland"
834,"Mrs. Nicole Hobbs, Blackwall  6128, Boston - 3524, Lithuania"
835,"Mrs. Josephine Uttridge, Queen 1637, Fullerton - 4885, Bulgaria"
836,"Mr. Abdul Turner, Camden  3923, Madison - 4823, Macedonia"
837,"Mr. Liam Bryant, Waite  6263, Otawa - 1860, Mauritania"
838,"Mr. Gil Clark, Gautrey  5890, Innsbruck - 3801, Egypt"
839,"Mrs. Catherine Jenkins, Sheraton   527, Hollywood - 2821, Djibouti"
840,"Mr. Chadwick Wilson, King William  4587, Fullerton - 4177, Macedonia"
841,"Mr. Ramon Villiger, King 9483, Bakersfield - 3576, Costa Rica"
842,"Mr. Luke Uddin, Cephas  8195, Amarillo - 5486, Singapore"
843,"Mr. Javier Morris, Heritage 7082, Venice - 0657, Honduras"
844,"Mrs. Jessica Quinnell, Berriman  7381, Miami - 4562, Peru"
845,"Mr. Johnathan Middleton, Monroe 2662, Murfreesboro - 3771, El Salvador"
846,"Mr. Domenic Preston, Woodland 7092, Honolulu - 3517, Guinea"
847,"Mr. Russel Wise, Enford   1918, Miami - 4634, Norway"
848,"Mrs. Livia Dillon, Cavell   5435, Orlando - 1322, Netherlands"
849,"Mr. Mason Lunt, South 8928, Paris - 8146, Nicaragua"
850,"Miss Sienna Irving, Fieldstone 6830, Long Beach - 3138, Morocco"
851,"Mrs. Anais Cox, Bingham   6555, Prague - 2584, Nicaragua"
852,"Mrs. Miriam Baxter, Birkbeck  5569, Glendale - 4715, Germany"
853,"Miss Remy Stone, Eldon  8594, Seattle - 8533, Trinidad and Tobago"
854,"Mr. Barry Kent, Berry  4488, Zurich - 7270, Moldova"
855,"Mrs. Laila Mason, Lonsdale  4013, London - 4782, Namibia"
856,"Miss Francesca Whinter, Comet House  4847, Seattle - 0112, Saudi Arabia"
857,"Ms. Jules Addley, Berry  7655, Wien - 8676, Mongolia"
858,"Miss Faith Brooks, Rivervalley 8845, Anaheim - 5735, Sierra Leone"
859,"Mrs. Jaylene Ellis, Thorndike   9873, Colorado Springs - 7202, Colombia"
860,"Mr. Danny Hastings, Cable    3978, Wien - 0201, Peru"
861,"Mr. William Torres, Hickory   6456, Tallahassee - 8683, Australia"
862,"Mr. Chris Dubois, Lexington 8459, Wien - 5415, Saudi Arabia"
863,"Mr. Phillip York, Cato   6326, Atlanta - 0346, Benin"
864,"Mrs. Alessandra Aldridge, Waldram Park  2989, Omaha - 6545, Lebanon"
865,"Ms. Jolene Wills, Thomas  5541, Jersey City - 7580, Kuwait"
866,"Mr. Benjamin Yarlett, Chester  3589, Jacksonville - 8417, Senegal"
867,"Mrs. Lauren Farrant, Under  8405, Madison - 6004, Cuba"
868,"Mr. Gabriel Hilton, Linden 8557, Reno - 0426, Qatar"
869,"Mrs. Rosemary Oldfield, Champion  6748, Stockton - 6437, Kazakhstan"
870,"Ms. Maia Dixon, St. Pauls  3815, Las Vegas - 8353, Serbia"
871,"Miss Teagan Cork, Lake 8180, Salt Lake City - 2675, Algeria"
872,"Ms. Maggie Vince, Falconberg   7669, Saint Paul - 2130, Korea, South"
873,"Miss Jacqueline Michael, Lincoln 6882, Omaha - 0178, Togo"
874,"Mr. Sebastian Olivier, Boldero   5735, Philadelphia - 0411, Montenegro"
875,"Mrs. Margot Uttridge, Thomas  45, Boston - 8720, Eritrea"
876,"Mr. Chuck Rust, Clavell   4603, Berlin - 6212, Taiwan"
877,"Mr. Gil Myatt, Castle 348, Glendale - 4725, Sudan, South"
878,"Mr. Carl Cunningham, Shepherds  251, Tokyo - 6363, Oman"
879,"Miss Alex Collins, Belmont Park 4635, Las Vegas - 2350, Norway"
880,"Mrs. Carmen Rehman, Hickory Lane 6065, Reno - 0323, Mauritius"
881,"Miss Robyn Vinton, Battersea   5276, Salt Lake City - 7570, Finland"
882,"Miss Peyton Denton, Blackwall  3652, Minneapolis - 8702, Seychelles"
883,"Mr. Brad Alexander, Heritage 3400, Portland - 2355, Tunisia"
884,"Miss Rihanna Calderwood, English   3110, San Jose - 0555, Laos"
885,"Mrs. Tess Stevens, Bective  4856, Valetta - 2485, Côte d’Ivoire"
886,"Mr. Abdul Attwood, Blanchard  6987, Minneapolis - 5168, Costa Rica"
887,"Mr. Jack Lloyd, Linda   1702, Milano - 1653, Cameroon"
888,"Mr. Jacob Tyrrell, Oxford 4209, Wien - 3135, Botswana"
889,"Mr. Tyler Rose, Capeners  9091, Berna - 5407, Trinidad and Tobago"
890,"Miss Joy Clarke, South 4472, Stockton - 5815, Morocco"
891,"Mrs. Shannon Larkin, Mariner  4741, Chicago - 7828, Luxembourg"
892,"Mrs. Isabella Wise, Waite  7048, Paris - 4887, Romania"
893,"Mr. Anthony Wright, Cam  9188, Bellevue - 3475, Mozambique"
894,"Miss Janelle Grady, Victorian  842, Miami - 7781, Ethiopia"
895,"Ms. Julianna Cattell, Bective  819, Escondido - 3517, Austria"
896,"Miss Erica Quinton, Arlington  5668, Bakersfield - 2003, Cyprus"
897,"Ms. Louise Yarwood, Abbots   721, Indianapolis - 8500, Monaco"
898,"Mr. Aiden Robinson, Viscount   1996, Innsbruck - 1714, Libya"
899,"Mrs. Ivy Smith, Edwin   9086, San Antonio - 4885, Ghana"
900,"Mrs. Holly Robertson, Ashley 9035, Nashville - 3655, Guyana"
901,"Miss Anne Carson, Chancellor  1621, Oakland - 5612, Algeria"
902,"Mr. Tony Trent, Arthur  5991, Quebec - 4262, Maldives"
903,"Mr. Russel Warren, Rail 522, Stockton - 0731, Maldives"
904,"Miss Cadence Evans, Chartham  223, Lisbon - 8160, Panama"
905,"Mr. Tony Coleman, Collingwood  732, Las Vegas - 2354, Saudi Arabia"
906,"Mr. Abdul Paterson, Cedarne  2721, Arlington - 8804, Ecuador"
907,"Mr. Brad Ebden, Betton  2894, Bucharest - 5571, Andorra"
908,"Ms. Julianna Dale, Thurloe   8943, Reno - 5350, New Zealand"
909,"Mrs. Greta Kerr, South 1320, Otawa - 6171, Lesotho"
910,"Mr. Oliver Owens, Ampton  9151, Miami - 7656, Norway"
911,"Mrs. Erica Shelton, Vincent  8703, Berlin - 2178, Burundi"
912,"Mr. Percy Robertson, Yoakley 3678, Lisbon - 1718, Finland"
913,"Mr. Matt Sinclair, Oxford 2076, Prague - 6580, Lithuania"
914,"Mr. Peter Whittle, Wadham  8783, Bellevue - 8627, Vanuatu"
915,"Mr. Julian Flett, Blomfield  6187, Laredo - 6566, Zambia"
916,"Mrs. Leah Lunt, Sheringham   3232, Moreno Valley - 3017, Taiwan"
917,"Miss Mackenzie Adams, Elia   9864, Lyon - 0746, Australia"
918,"Mr. Barney Nielson, Ashley 3752, San Jose - 7863, Spain"
919,"Ms. Michaela Robinson, Bolton  3880, San Jose - 5023, Estonia"
920,"Mr. Danny Bailey, Ashley 6892, Huntsville - 2684, France"
921,"Mr. Owen Knight, Cave   316, Rome - 1262, Belarus"
922,"Mrs. Scarlett Gibson, Chamberlain  612, Denver - 1025, The Bahamas"
923,"Mr. Roger Ebden, Waldram Park  1333, Hayward - 7611, Finland"
924,"Mr. Noah London, Thrale   2785, New Orleans - 5884, Botswana"
925,"Mrs. Cherish James, Bicknell  2529, Bridgeport - 8100, Indonesia"
926,"Mr. Daron Mcnally, Blackpool  4323, Lisbon - 8375, Kyrgyzstan"
927,"Ms. Ruby Collingwood, Betton  136, Omaha - 6381, Romania"
928,"Mr. Ronald Edwards, Parkgate  2149, Columbus - 5680, Taiwan"
929,"Mr. Mason Cameron, Ben   5537, Los Angeles - 2764, Hungary"
930,"Miss Maia Carpenter, Clyde 2979, Worcester - 0101, Ghana"
931,"Mr. Nate Johnson, Bede  23, Houston - 1006, Vatican City"
932,"Ms. Harriet Graham, Camberwell  7980, Springfield - 2636, Philippines"
933,"Mrs. Kendra Penn, Coalecroft  794, Garland - 8181, Liberia"
934,"Mr. Barney Rose, Caxton  2854, Bridgeport - 6186, Eritrea"
935,"Miss Norah Becker, Bekesbourne   8983, Lyon - 0762, Finland"
936,"Mr. Abdul Emmett, Betton  8076, Bellevue - 3735, Hungary"
937,"Mr. Nate Hopkinson, Castlereagh   9630, Oklahoma City - 0658, Belgium"
938,"Mr. Jacob Nanton, Fairholt   383, Omaha - 4238, Chad"
939,"Miss Zoe Denton, Aspen 3321, Fremont - 0115, India"
940,"Mrs. Lorraine Rowe, Westbourne 1554, Lisbon - 2416, Samoa"
941,"Miss Jacqueline Hunt, Spruce 858, Madrid - 3478, Denmark"
942,"Ms. Karla Franks, Wake  8175, Orlando - 1226, Vatican City"
943,"Miss Anais Lyon, King Edward  7227, Wien - 3028, Saint Lucia"
944,"Miss Rebecca Bloom, Hampden  3231, Milano - 6538, Norway"
945,"Mr. Mark Trent, Unwin  5422, Murfreesboro - 0111, Saint Vincent and the Grenadines"
946,"Mr. Ronald Ring, Collent   5575, Fullerton - 6245, Saint Kitts and Nevis"
947,"Mrs. Jasmine Morgan, Woodland 9811, Los Angeles - 1722, Bolivia"
948,"Mrs. Carina Patel, Champion  7877, Cincinnati - 5502, China"
949,"Miss Ember Russell, Vintners  2335, Los Angeles - 2000, Korea, North"
950,"Mrs. Katelyn Burge, Angela   17, San Francisco - 4823, Ecuador"
951,"Mrs. Stella Vaughan, Camden  9637, Dallas - 4085, Antigua and Barbuda"
952,"Miss Madison Cameron, Dyott   196, Lancaster - 3233, Botswana"
953,"Mrs. Marilyn Robinson, Cliffords  8779, San Diego - 8261, Nicaragua"
954,"Mr. Michael Barrett, Colombo   5519, Arlington - 2801, Samoa"
955,"Miss Maria Jefferson, Cliffords  495, Milwaukee - 4178, Chile"
956,"Mr. Erick Ralph, Belgrave  6452, Honolulu - 2462, Pakistan"
957,"Mrs. Irene Riley, Bell    898, Albuquerque - 3332, Paraguay"
958,"Mr. John Everett, Virginia 7459, Philadelphia - 4232, Bhutan"
959,"Mr. Josh Cattell, Bede  9282, Washington - 4443, Saint Kitts and Nevis"
960,"Mr. Bryon Watson, Ampton  5777, San Antonio - 3681, Burkina Faso"
961,"Miss Liliana Oliver, Gatonby   8247, Wien - 1140, Vietnam"
962,"Mr. Hank Hopkinson, Catherine  7950, London - 4100, Liberia"
963,"Miss Candace Shields, Magnolia 8735, Scottsdale - 7818, Turkey"
964,"Mrs. Miriam Mooney, St. Pauls  3072, Quebec - 5227, Brunei"
965,"Mrs. Eryn Simpson, Lexington 6905, Oklahoma City - 2522, Malawi"
966,"Mrs. Christy Hill, Empress  1760, Ontario - 0051, Marshall Islands"
967,"Mr. Kieth Oatway, Ellerslie 4659, Fort Lauderdale - 0812, Canada"
968,"Mrs. Carmen Torres, Cardinal 6141, Venice - 0256, Algeria"
969,"Mr. Phillip Webster, Canon 8142, Sacramento - 6187, Uganda"
970,"Mrs. Elisabeth Lyon, Cavaye  2008, Toledo - 6037, Vatican City"
971,"Miss Melody Evans, Sundown 459, Fort Lauderdale - 5881, Liberia"
972,"Ms. Candace Redwood, Fair 5418, Las Vegas - 5745, Cuba"
973,"Mr. Ronald Corbett, Vintners  9829, Lyon - 2721, Trinidad and Tobago"
974,"Mr. Gil Dickson, Camera  2025, Honolulu - 7372, Sri Lanka"
975,"Miss Rebecca Andersson, Union  2783, San Diego - 3220, Cambodia"
976,"Mr. Marvin Ward, Blandford  8494, Tulsa - 4746, Congo"
977,"Mr. Joseph Stanton, Ampton  7525, Columbus - 4486, Rwanda"
978,"Mr. Cedrick Mcneill, Cave   8536, Richmond - 1211, Brazil"
979,"Miss Jolene Stanton, Lincoln 8162, Rochester - 7180, Belgium"
980,"Mr. Enoch King, Kilner   5150, London - 0251, Serbia"
981,"Miss Cristal Saunders, Linden 5931, Lisbon - 2584, Philippines"
982,"Mr. Maxwell Sylvester, Cheney  8901, Nashville - 7320, Peru"
983,"Mrs. Taylor Benfield, Fairbairn  555, Atlanta - 4645, Pakistan"
984,"Ms. Christy Kelly, Cable    7598, Las Vegas - 4316, Equatorial Guinea"
985,"Mr. Mark Gray, Linden 3779, Las Vegas - 6888, Philippines"
986,"Mr. Aiden Cowan, Bayberry 817, Berlin - 2375, Israel"
987,"Mr. Cedrick Wilde, Arthur  5117, Minneapolis - 8863, Algeria"
988,"Mr. Chester Fields, Charterhouse  9378, San Jose - 0283, Dominica"
989,"Mr. Bart Cox, Meadow 4003, Nashville - 4060, Kosovo"
990,"Mr. Luke Mcleod, Cadogan  9577, Pittsburgh - 4737, Burundi"
991,"Mrs. Sara Parsons, Abbotswell  5354, Tallahassee - 3223, Mauritania"
992,"Miss Lauren Robinson, East 9406, Lyon - 0047, Montenegro"
993,"Mr. Chad White, Chartham  9565, Prague - 7463, Gabon"
994,"Miss Liv Pearce, Thorndike   6917, San Francisco - 2848, Philippines"
995,"Mr. Barney Tait, Chalcot  8025, Garland - 3548, Tajikistan"
996,"Mr. Tony Cattell, Bagford   5350, Valetta - 7507, Tunisia"
997,"Mrs. Cameron Judd, Waite  6540, Zurich - 0071, Turkmenistan"
998,"Mr. Peter Vernon, Camdenhurst   368, Quebec - 1844, Comoros"
999,"Ms. Olivia Gavin, Pine 1668, Bakersfield - 1250, Mauritania"
1000,"Miss Dorothy Benson, Aylward   8751, Milano - 2703, Zambia"

