Shipment_Key,Destination,Delivery_Date,ShoppingCart_Key,Status
1,"Mrs. Lillian Stanton, Fawn 1501, Charlotte - 2557, Argentina",5/6/2006,1,Pending
2,"Mrs. Leilani Owen, Blake  1610, Madrid - 2226, Ethiopia",5/20/2004,2,In process
3,"Miss Alessandra Whittle, Bendmore  4675, Oklahoma City - 1800, Singapore",8/14/2020,3,Delivered
4,"Mr. Maxwell Gilmour, Cheney  8377, Santa Ana - 8112, Germany",10/2/2009,4,Dispatched
5,"Mr. Chad Hobbs, Blomfield  4958, Rochester - 6170, New Zealand",4/16/2002,5,Shipped
6,"Mr. Chester Edwards, Dutton   1427, Tokyo - 8020, Equatorial Guinea",12/18/2003,6,Pending
7,"Mr. Fred Tait, King William  7478, Phoenix - 1638, Moldova",12/15/2015,7,In process
8,"Miss Fiona Yarlett, Gathorne   7765, San Francisco - 2043, Montenegro",7/19/2008,8,Delivered
9,"Mr. Peter Clarkson, Comet House  3727, Long Beach - 3685, Kazakhstan",11/4/2003,9,Dispatched
10,"Mr. Noah Moreno, Cliff  7158, Hollywood - 1248, Ireland",3/8/2008,10,Shipped
11,"Mr. Harvey Styles, Falconberg   4037, Seattle - 3372, Monaco",11/23/2002,11,Pending
12,"Mr. Kurt Vangness, Elba  487, Tokyo - 3121, Bosnia and Herzegovina",12/14/2008,12,In process
13,"Mr. Johnathan Patel, Underwood  6644, Portland - 0741, The Gambia",12/25/2008,13,Delivered
14,"Mr. Logan Bingham, Fawn 5552, Saint Paul - 7833, Uruguay",8/11/2005,14,Dispatched
15,"Miss Gladys Walter, Pine 8729, Worcester - 5764, Micronesia",7/30/2018,15,Shipped
16,"Mrs. Mya Becker, Aberavon  2144, Oakland - 5772, United Arab Emirates",7/7/2006,16,Pending
17,"Mr. Tony Ripley, Canon 3580, Orlando - 4408, Austria",3/4/2002,17,In process
18,"Mr. Chadwick Jackson, Castile  6291, El Paso - 6217, Oman",10/13/2012,18,Delivered
19,"Mr. Martin Hopkins, Spruce 4907, Amarillo - 7117, Thailand",11/9/2005,19,Dispatched
20,"Mr. Luke Owens, College  1229, Quebec - 7431, El Salvador",12/21/2010,20,Shipped
21,"Mrs. Melania Nicholls, Woodland 3962, Bakersfield - 8244, Jamaica",9/27/2015,21,Pending
22,"Mrs. Emery Redfern, Cleaver 1165, Prague - 7860, Trinidad and Tobago",10/24/2005,22,In process
23,"Ms. Leah Dobson, Thomas Doyle   2956, New Orleans - 4138, Burundi",6/11/2012,23,Delivered
24,"Miss Adela Lloyd, Bective  5986, Oklahoma City - 5512, Seychelles",2/9/2006,24,Dispatched
25,"Mrs. Angela Aldridge, Chancellor  4791, Worcester - 3870, Estonia",8/4/2004,25,Shipped
26,"Mr. Lucas Moreno, Earl Rise 2799, Fullerton - 6543, Greece",6/8/2000,26,Pending
27,"Mr. Wade Alcroft, Blue Anchor  4387, Sacramento - 4171, Saint Vincent and the Grenadines",11/10/2010,27,In process
28,"Ms. Christine Lane, Badric  1860, Phoenix - 7620, Suriname",9/16/2002,28,Delivered
29,"Mrs. Maddison Collins, Yorkshire  2644, Tulsa - 2872, Sierra Leone",6/6/2002,29,Dispatched
30,"Ms. Kimberly Clark, King 5516, Arlington - 5832, Slovenia",5/4/2007,30,Shipped
31,"Miss Ruth Mcgee, Clifton  7983, Tokyo - 5416, Slovenia",4/13/2018,31,Pending
32,"Ms. Monica Parker, Canal  4367, San Francisco - 0246, Nepal",5/8/2020,32,In process
33,"Mr. Nate Chappell, Central  2204, Long Beach - 2024, Paraguay",8/18/2017,33,Delivered
34,"Mr. Johnny Miller, Ellerslie 4199, Springfield - 0346, Cuba",5/8/2001,34,Dispatched
35,"Mr. Tom Dobson, Bellenden  3507, Anaheim - 7707, Burkina Faso",12/14/2019,35,Shipped
36,"Mr. Ethan Marshall, Rail 7078, Worcester - 0430, Portugal",8/24/2010,36,Pending
37,"Mr. Benjamin Moran, Magnolia 7462, Miami - 2742, India",3/2/2011,37,In process
38,"Ms. Crystal Yoman, King 1123, New Orleans - 5483, Australia",10/14/2006,38,Delivered
39,"Mr. Tony Savage, Woodland 4129, Milano - 0286, Germany",12/27/2007,39,Dispatched
40,"Ms. Emery Eagle, Antrobus   8560, Colorado Springs - 4502, Norway",8/8/2006,40,Shipped
41,"Mr. Wade Young, Queen 2232, Ontario - 8700, Andorra",1/14/2008,41,Pending
42,"Mrs. Celia Eagle, Durham 1395, Chicago - 8252, Niger",4/30/2003,42,In process
43,"Mr. Elijah Uttridge, Underwood  58, Innsbruck - 0033, Somalia",8/3/2016,43,Delivered
44,"Mr. Rick Rixon, King Edward  7431, Jersey City - 8222, Paraguay",9/3/2020,44,Dispatched
45,"Mr. Alan Summers, Chambers  5803, Phoenix - 3371, Benin",7/3/2015,45,Shipped
46,"Miss Adalie Reyes, Apsley    893, Otawa - 1512, Cuba",11/3/2015,46,Pending
47,"Ms. Ilona Riley, Fairview 5540, San Jose - 2522, Spain",2/3/2012,47,In process
48,"Mr. Johnny Briggs, Longmoore   9189, Orlando - 2308, Czech Republic",4/3/2005,48,Delivered
49,"Mrs. Beatrice Lane, College  4129, Escondido - 0462, Laos",5/5/2016,49,Dispatched
50,"Mrs. Maggie Morris, Chatsworth  9433, Louisville - 5533, Ecuador",2/9/2013,50,Shipped
51,"Ms. Sofia Smith, Balham   5772, Amarillo - 6226, Lebanon",1/27/2013,51,Pending
52,"Mr. Kurt Knight, Cardinal 4724, Milwaukee - 7810, Haiti",8/16/2020,52,In process
53,"Mr. Tyler Kent, Beechen  4544, Orlando - 3527, Poland",5/19/2005,53,Delivered
54,"Mr. Tom Janes, Bacton   3060, Nashville - 1281, India",11/1/2010,54,Dispatched
55,"Mr. Kieth Wigley, Sheraton   9327, Bridgeport - 8730, Burundi",1/30/2013,55,Shipped
56,"Ms. Audrey Wright, Kinglake  448, Lyon - 3082, Senegal",9/5/2005,56,Pending
57,"Mrs. Gladys York, Berry  6888, Lisbon - 0584, Myanmar",4/26/2004,57,In process
58,"Mr. Josh Hudson, Blanchard  9998, London - 7752, Namibia",4/6/2013,58,Delivered
59,"Mr. Matthew Hepburn, Bayberry 1524, Miami - 4240, USA",8/19/2010,59,Dispatched
60,"Mr. Maxwell Flett, Clyde 6258, Ontario - 5085, Guatemala",7/5/2008,60,Shipped
61,"Ms. Mabel Mullins, Westcott  3395, Seattle - 1430, Tanzania",5/29/2020,61,Pending
62,"Ms. Tania Kelly, Blackall   3613, Lakewood - 8810, Kazakhstan",5/14/2012,62,In process
63,"Mrs. Kamila Gavin, Sundown 9391, San Bernardino - 0087, Singapore",10/14/2012,63,Delivered
64,"Ms. Carmella Cunningham, Bendmore  1639, Pittsburgh - 8282, Georgia",12/9/2005,64,Dispatched
65,"Miss Kassandra Thomson, Unwin  9786, San Diego - 4321, Swaziland",6/18/2011,65,Shipped
66,"Mr. Kieth Emmott, Abourne   8742, Innsbruck - 7661, Equatorial Guinea",3/28/2013,66,Pending
67,"Mrs. Emerald Lee, Lake 1163, Lincoln - 5617, Tunisia",4/4/2020,67,In process
68,"Miss Blake Ward, Apollo  3341, Tulsa - 4656, Sweden",2/16/2018,68,Delivered
69,"Mr. Caleb Ward, Chambers  6485, Indianapolis - 3234, Eritrea",12/27/2000,69,Dispatched
70,"Mrs. Aleksandra Upsdell, Wakley   8593, Miami - 0028, Pakistan",6/10/2007,70,Shipped
71,"Mr. Bart Chadwick, Bales  4833, Oklahoma City - 0426, Trinidad and Tobago",9/3/2016,71,Pending
72,"Mr. Oliver Torres, Chantry   1683, Indianapolis - 5447, Poland",9/1/2015,72,In process
73,"Mrs. Josephine Tindall, Victoria  8975, Reno - 7082, Moldova",8/8/2003,73,Delivered
74,"Miss Liliana Speed, Rosewood 4871, Bucharest - 0734, Brazil",6/7/2013,74,Dispatched
75,"Mr. Enoch Johnson, Hampden  6120, San Francisco - 7061, East Timor (Timor-Leste)",10/14/2018,75,Shipped
76,"Miss Ema Vollans, Bolton  4381, Bridgeport - 1520, Italy",9/22/2007,76,Pending
77,"Mr. Johnathan Lakey, Belmore  970, Nashville - 2474, Japan",12/4/2006,77,In process
78,"Mr. Clint Cavanagh, Empress  4410, Lakewood - 7754, Tunisia",5/20/2012,78,Delivered
79,"Miss Florence Windsor, Bush  7969, Rochester - 1453, Poland",7/1/2019,79,Dispatched
80,"Mr. Wade Clarke, Udall   3493, Zurich - 1086, Belgium",10/12/2012,80,Shipped
81,"Mrs. Laila Connell, Bingham   1724, Orlando - 1733, Yemen",10/29/2001,81,Pending
82,"Miss Alice Rowe, Adderley   1610, Phoenix - 1418, Thailand",10/7/2000,82,In process
83,"Mr. Jacob Ryan, Kilner   3419, Amarillo - 8203, Palau",4/11/2020,83,Delivered
84,"Mr. Rocco Dixon, Camdale  7982, Milano - 1688, Solomon Islands",8/12/2004,84,Dispatched
85,"Miss Francesca Rodwell, Bicknell  3151, Memphis - 4855, United Arab Emirates",10/3/2015,85,Shipped
86,"Ms. Candace Edler, Aspen 8003, Zurich - 1417, Finland",10/30/2007,86,Pending
87,"Ms. Jessica Adams, Hammersmith  9546, Toledo - 6437, Brazil",5/16/2004,87,In process
88,"Mr. Jacob Rainford, Blue Anchor  9152, Columbus - 0325, Kazakhstan",1/7/2010,88,Delivered
89,"Miss Agnes Barclay, Duthie   9653, Huntsville - 1816, Mongolia",8/13/2020,89,Dispatched
90,"Mr. Kieth Santos, Cavell   5250, Milwaukee - 8428, Jamaica",6/10/2006,90,Shipped
91,"Mr. Liam Denton, Carlton  7392, Moreno Valley - 6421, Turkey",1/8/2004,91,Pending
92,"Mr. Kurt Warden, Birkenhead   1718, Louisville - 3701, Algeria",11/25/2000,92,In process
93,"Mr. David Weston, Calderwood   6020, Escondido - 0813, Togo",10/12/2007,93,Delivered
94,"Ms. Wendy Eaton, Calderwood   5077, Milano - 0844, Cyprus",3/3/2011,94,Dispatched
95,"Mrs. Evelynn Osmond, Aylward   3728, Fayetteville - 6466, Romania",2/3/2016,95,Shipped
96,"Miss Kirsten Clayton, Clere  3196, Colorado Springs - 3206, Saint Kitts and Nevis",4/30/2002,96,Pending
97,"Mr. Nick Knight, Waldram Park  2701, Stockton - 7020, Syria",8/3/2015,97,In process
98,"Ms. Gwen Stark, West 8390, Escondido - 0722, Algeria",2/25/2013,98,Delivered
99,"Mrs. Norah Wright, Enderby   2936, Rome - 0707, Yemen",12/28/2005,99,Dispatched
100,"Mrs. Hanna Jobson, Victorian  9434, Tulsa - 5137, The Bahamas",4/28/2000,100,Shipped
101,"Ms. Sara Thorpe, Adelaide  480, Salem - 1516, Finland",7/25/2000,101,Pending
102,"Mr. Lucas Booth, Camley   6345, Stockton - 2710, Sudan, South",10/15/2009,102,In process
103,"Mrs. Carina Asher, Railroad 3262, Sacramento - 5143, Spain",6/29/2004,103,Delivered
104,"Mr. Noah Rigg, Geary   9956, Fayetteville - 0133, Australia",8/15/2020,104,Dispatched
105,"Mr. Daniel Ellwood, Epworth  7938, Fullerton - 2560, Laos",5/12/2005,105,Shipped
106,"Mr. Bart Mooney, King 2486, Boston - 7467, Brunei",11/23/2018,106,Pending
107,"Miss Faith Ellis, Queen 1847, Wien - 7752, Saint Lucia",12/17/2019,107,In process
108,"Mrs. Caydence Eagle, Victoria Rise 365, Tulsa - 7608, Belize",4/27/2000,108,Delivered
109,"Mrs. Maria Ingham, Birkbeck  7659, Paris - 3617, China",3/11/2000,109,Dispatched
110,"Mr. Daron Hopkins, Bermondsey    4568, Denver - 6155, Niger",7/15/2005,110,Shipped
111,"Ms. Shelby Nash, Viscount   2629, San Francisco - 5124, United Kingdom",2/23/2003,111,Pending
112,"Mr. Rick Casey, York 8588, Long Beach - 5212, Uruguay",3/20/2003,112,In process
113,"Mrs. Emery Lane, Hickory   3140, Rome - 5763, Vanuatu",5/8/2020,113,Delivered
114,"Ms. Destiny Kaur, Kimberley  355, Tulsa - 2712, Myanmar",5/25/2020,114,Dispatched
115,"Mr. Anthony Neville, Balfour    9297, Jacksonville - 8288, Mauritius",11/19/2009,115,Shipped
116,"Ms. Sienna Mould, Bush  6603, St. Louis - 2780, Kyrgyzstan",3/14/2000,116,Pending
117,"Mrs. Maia Harrison, Gathorne   7941, Madrid - 7451, Sweden",10/14/2001,117,In process
118,"Miss Candace Whatson, Blackpool  5482, Las Vegas - 5858, Czech Republic",9/29/2017,118,Delivered
119,"Miss Priscilla Kerr, Clere  9655, Oklahoma City - 6683, Guinea-Bissau",2/13/2011,119,Dispatched
120,"Mr. Chuck Huggins, Chartham  8510, Richmond - 6566, Montenegro",2/12/2017,120,Shipped
121,"Miss Ivy Tennant, East 9771, St. Louis - 4300, Bahrain",3/22/2003,121,Pending
122,"Mr. Martin Ramsey, Duthie   7937, Venice - 3622, Sweden",12/28/2004,122,In process
123,"Mr. Luke Evans, Tilson  9982, Salem - 1746, Maldives",2/2/2016,123,Delivered
124,"Ms. Marigold Judd, Gavel   3175, Portland - 8824, Cuba",8/15/2015,124,Dispatched
125,"Mr. Henry Walker, East 4310, Berlin - 3147, Cambodia",7/8/2001,125,Shipped
126,"Mrs. Josephine Dwyer, Western   5693, Richmond - 5345, Haiti",10/17/2009,126,Pending
127,"Mr. Doug Savage, Pine 6416, Berna - 2141, Tunisia",8/25/2009,127,In process
128,"Mr. Jacob Janes, Lexington 1506, Prague - 5744, Bulgaria",1/8/2017,128,Delivered
129,"Mrs. Ivy Vaughan, Spruce 8255, Chicago - 0808, Monaco",10/5/2008,129,Dispatched
130,"Mr. Alexander Knight, Camera  647, Madrid - 0730, Costa Rica",1/1/2002,130,Shipped
131,"Ms. Rosalyn Rivers, Cleaver 3957, St. Louis - 7433, El Salvador",1/28/2005,131,Pending
132,"Ms. Melody Thornton, Cobden  4453, Jersey City - 8855, China",8/6/2016,132,In process
133,"Ms. Marissa Flett, Byland  706, Richmond - 1108, Russia",11/28/2013,133,Delivered
134,"Miss Emery Willis, Queensberry  517, Toledo - 0740, France",9/2/2015,134,Dispatched
135,"Mr. Chadwick Michael, Bury  8643, Hollywood - 2811, Luxembourg",6/13/2009,135,Shipped
136,"Mrs. Darlene Dallas, Viscount   9544, Nashville - 5034, Sudan, South",6/30/2020,136,Pending
137,"Mr. Tyler Vernon, Besson  7411, Pittsburgh - 2800, Sweden",8/8/2017,137,In process
138,"Mrs. Holly Murphy, Bellenden   674, Ontario - 4568, Sao Tome and Principe",7/18/2008,138,Delivered
139,"Miss Cassidy Flack, Clissold  6091, Lancaster - 0880, Solomon Islands",6/29/2019,139,Dispatched
140,"Mrs. Meredith Mccormick, Bedford  2739, Santa Ana - 0250, Guyana",11/7/2015,140,Shipped
141,"Mr. Javier Downing, Gavel   5206, Minneapolis - 4772, Madagascar",11/13/2000,141,Pending
142,"Mr. Alan Wade, Ely  7544, Portland - 4047, Iceland",3/28/2011,142,In process
143,"Mrs. Cadence Knott, Parkfields 8045, Saint Paul - 2085, Saint Lucia",9/15/2000,143,Delivered
144,"Mr. Alan Cox, Archery  8936, Detroit - 0667, Dominican Republic",10/8/2014,144,Dispatched
145,"Mr. Clint Uttridge, Gathorne   1366, Fayetteville - 1708, Belarus",5/18/2002,145,Shipped
146,"Ms. Rosalie Thorne, Arctic   9560, Moreno Valley - 1555, Iran",9/16/2019,146,Pending
147,"Mr. Domenic Cooper, Spruce 3444, Baltimore - 8604, Tonga",3/19/2019,147,In process
148,"Mr. Daniel Rogers, Garfield 2747, Seattle - 4230, Nigeria",12/16/2009,148,Delivered
149,"Ms. Remy Beal, Clifton  4551, Denver - 1200, Egypt",6/15/2008,149,Dispatched
150,"Mr. Nicholas Dobson, Westcott  9392, Irving - 6776, Bhutan",5/13/2006,150,Shipped
151,"Miss Grace Dubois, Underwood  9661, Laredo - 6762, Saudi Arabia",9/21/2005,151,Pending
152,"Mrs. Jazmin Rosenbloom, Chestnut Rise 3165, Madison - 4401, Equatorial Guinea",1/1/2015,152,In process
153,"Miss Mara Norburn, Calshot   4562, Rochester - 6650, Comoros",1/4/2014,153,Delivered
154,"Miss Daria Kennedy, Calvin   9105, Norfolk - 4332, Italy",3/16/2016,154,Dispatched
155,"Mr. Nick Stuart, Empress  5759, Dallas - 5377, Lebanon",11/21/2004,155,Shipped
156,"Mr. Daniel Morgan, English   1499, Colorado Springs - 6771, Mali",12/7/2002,156,Pending
157,"Mr. Danny Miller, Chestnut  9647, San Diego - 1153, Guinea",10/10/2001,157,In process
158,"Mr. Logan Coleman, Comet House  907, Omaha - 5665, Algeria",6/16/2009,158,Delivered
159,"Mrs. Britney Graves, Boldero   6974, Houston - 6167, Indonesia",10/26/2015,159,Dispatched
160,"Mr. Bryon Rose, Meadow 8712, Oakland - 3304, Vatican City",11/7/2006,160,Shipped
161,"Miss Ada Kent, Clarks  9916, Paris - 7688, Estonia",10/24/2005,161,Pending
162,"Ms. Allison Rehman, Jackson 8152, Milwaukee - 8767, Australia",2/28/2005,162,In process
163,"Mr. Manuel Matthews, Boldero   954, Nashville - 5440, Vanuatu",1/3/2019,163,Delivered
164,"Ms. Valerie Clifford, Bond 9767, Norfolk - 2835, Eritrea",1/4/2004,164,Dispatched
165,"Ms. Maria Rowe, Cheney  1300, Philadelphia - 0772, Monaco",7/5/2016,165,Shipped
166,"Mr. Tyler Dixon, Westcott  1522, Pittsburgh - 8357, Paraguay",2/1/2009,166,Pending
167,"Mr. Daniel Gosling, King 3031, Lisbon - 0413, Botswana",9/24/2014,167,In process
168,"Mr. Ramon Larsen, Ellerman   6957, Wien - 3573, Canada",10/25/2006,168,Delivered
169,"Mr. David Rodgers, Liverpool  4515, Lyon - 2804, Malawi",2/22/2016,169,Dispatched
170,"Mr. Benjamin Larkin, Bush  2500, Lancaster - 1640, Turkmenistan",7/15/2018,170,Shipped
171,"Mr. Abdul Bishop, Thoresby   4396, Prague - 7561, Kiribati",9/29/2004,171,Pending
172,"Ms. Gina Foxley, Camdale  8478, Kansas City - 1182, Saint Vincent and the Grenadines",3/3/2009,172,In process
173,"Miss Adeline Andrews, Sheraton   3276, Madison - 6571, The Gambia",8/7/2000,173,Delivered
174,"Miss Cassidy Rose, Bermondsey    7784, Bellevue - 6157, Somalia",4/19/2002,174,Dispatched
175,"Mr. George Lee, Queen Caroline   2229, Nashville - 2432, Turkey",3/2/2015,175,Shipped
176,"Mrs. Monica Morris, Chalcot  4612, San Francisco - 4772, Guatemala",6/1/2010,176,Pending
177,"Mrs. Adina Widdows, Elizabeth  6678, Arlington - 5523, Croatia",10/27/2010,177,In process
178,"Mrs. Adalie Roberts, Kingly  8934, San Francisco - 8683, Tanzania",5/13/2020,178,Delivered
179,"Mr. Marvin Jenkin, Bagford   1672, Albuquerque - 3357, Maldives",7/18/2002,179,Dispatched
180,"Ms. Chloe Latham, Sheffield 838, Los Angeles - 4061, Guinea",10/5/2004,180,Shipped
181,"Mr. Harry Quinn, Vintners  5994, Atlanta - 3151, Barbados",6/18/2000,181,Pending
182,"Mr. Mason Selby, Sheffield 6972, Milano - 6453, Congo, Republic of the",12/3/2019,182,In process
183,"Mr. Phillip Calderwood, Apothecary   7189, Los Angeles - 2627, Malta",11/21/2019,183,Delivered
184,"Mr. Barry Parker, Heritage 9390, Berlin - 7777, Kenya",7/5/2005,184,Dispatched
185,"Mr. Joseph Neal, Blomfield  194, Valetta - 2438, Argentina",6/1/2017,185,Shipped
186,"Mr. Gabriel Payne, Waldram Park  1503, Bridgeport - 0470, Spain",2/15/2018,186,Pending
187,"Miss Amelia Palmer, Burton  8736, Albuquerque - 7084, Bolivia",9/7/2019,187,In process
188,"Mr. Mason Bailey, Fawn 8911, Long Beach - 2760, Poland",3/7/2000,188,Delivered
189,"Mr. Lucas Herbert, Chambers  2760, Richmond - 2214, Grenada",2/9/2014,189,Dispatched
190,"Miss Nina Todd, Chartham  3380, Orlando - 8326, Iran",2/28/2016,190,Shipped
191,"Miss Molly Yarlett, Chestnut Rise 8246, Garland - 7233, Slovakia",12/3/2008,191,Pending
192,"Mr. Kurt Squire, Enford   9315, Seattle - 8336, Belarus",4/23/2012,192,In process
193,"Mrs. Jessica Casey, Clifton  310, Sacramento - 0341, Ethiopia",10/19/2019,193,Delivered
194,"Miss Paula Cameron, Champion  5081, Saint Paul - 5445, Niger",6/3/2001,194,Dispatched
195,"Mr. Kieth Kirby, Meadow 8154, Memphis - 5567, Denmark",10/6/2015,195,Shipped
196,"Mr. Chester Thorne, Bermondsey    9623, Toledo - 8652, Iceland",2/9/2009,196,Pending
197,"Mrs. Angela Rycroft, Rivervalley 4667, Phoenix - 7518, Vietnam",5/5/2013,197,In process
198,"Mr. Carter Eagle, Camdenhurst   5063, Philadelphia - 8403, Panama",10/26/2010,198,Delivered
199,"Mr. Mason Ianson, Parkfield  6341, Washington - 3131, Kazakhstan",4/24/2020,199,Dispatched
200,"Mr. Julius Ventura, Aberavon  8129, Atlanta - 7607, Somalia",8/1/2002,200,Shipped
201,"Ms. Jennifer Davies, Lincoln 6905, Atlanta - 7740, Sri Lanka",8/31/2007,201,Pending
202,"Ms. Brooklyn Everett, Queen Caroline   9914, Moreno Valley - 7474, Slovenia",11/25/2015,202,In process
203,"Miss Cameron Flynn, Champion  6177, Rochester - 8773, Trinidad and Tobago",6/3/2016,203,Delivered
204,"Mr. Chester Jefferson, Arctic   555, Lyon - 8441, Djibouti",12/4/2002,204,Dispatched
205,"Mr. Anthony Rixon, Belfort  2543, Oakland - 1083, Tanzania",9/15/2013,205,Shipped
206,"Mr. Alan Hunt, Biggerstaff   3667, Hollywood - 0551, Nigeria",5/31/2009,206,Pending
207,"Miss Shay Vollans, English   7458, Oakland - 8688, Azerbaijan",1/25/2013,207,In process
208,"Mr. Owen Mackenzie, Tisbury  7388, Zurich - 7880, Malawi",6/27/2002,208,Delivered
209,"Miss Emerald Norris, Wakley   2103, Milano - 6425, Colombia",11/29/2009,209,Dispatched
210,"Mr. Hayden Clarke, Abbotswell  8821, Glendale - 0428, South Africa",11/19/2014,210,Shipped
211,"Miss Britney Mould, Beatty  4730, Tokyo - 1584, Belize",7/20/2003,211,Pending
212,"Miss Courtney Driscoll, Dyott   4542, Berna - 1863, Saint Lucia",7/25/2005,212,In process
213,"Mr. Matt Whitehouse, Cardinal 5071, San Diego - 7865, Tajikistan",8/27/2007,213,Delivered
214,"Miss Gina Simpson, Bigland  6086, Reno - 6488, Denmark",4/5/2001,214,Dispatched
215,"Miss Janelle Oatway, Sherlock   9134, Milano - 0282, Austria",4/15/2017,215,Shipped
216,"Mr. Doug Ebbs, Chart   700, Venice - 8428, Mexico",10/24/2010,216,Pending
217,"Mr. Aiden Appleton, Arthur  81, Albuquerque - 8205, Swaziland",7/28/2006,217,In process
218,"Mr. Maxwell Asher, Bede  4426, Amarillo - 8603, Togo",3/31/2020,218,Delivered
219,"Mrs. Aeris Beal, Queen Caroline   1634, Nashville - 6781, Nepal",12/21/2008,219,Dispatched
220,"Mr. Benjamin Robertson, Adelaide  7780, Atlanta - 3858, Albania",11/4/2013,220,Shipped
221,"Mr. Julius Roscoe, Betton  9616, Denver - 8030, San Marino",12/12/2005,221,Pending
222,"Mr. Clint Gosling, Arctic   3790, Nashville - 3060, United Arab Emirates",4/5/2005,222,In process
223,"Mr. Brad Reading, Apothecary   8727, Bucharest - 3160, Qatar",12/26/2013,223,Delivered
224,"Ms. Winnie Quinnell, Apsley    3982, Louisville - 1525, Qatar",2/19/2019,224,Dispatched
225,"Mr. John Flynn, Apsley    243, Minneapolis - 5513, Kyrgyzstan",10/19/2006,225,Shipped
226,"Ms. Harriet Vaughn, Argyle  751, Lancaster - 5117, Micronesia",9/23/2004,226,Pending
227,"Mr. Owen Vaughn, Wake  3766, Charlotte - 0703, Uzbekistan",7/10/2020,227,In process
228,"Miss Fiona Funnell, Norland  6447, San Diego - 2064, Ghana",1/18/2004,228,Delivered
229,"Mrs. Hope Tennant, Buttonwood 7262, Detroit - 3361, Romania",10/30/2013,229,Dispatched
230,"Mrs. Margaret Woodley, Bempton   7990, Madison - 3430, Honduras",8/19/2018,230,Shipped
231,"Miss Sabrina Owen, Bayberry 5926, Worcester - 6882, Poland",11/29/2009,231,Pending
232,"Ms. Victoria Wellington, Dyott   9784, Houston - 8006, United Kingdom",7/26/2014,232,In process
233,"Mr. Ryan Harper, Billing  847, Otawa - 6873, Moldova",3/16/2010,233,Delivered
234,"Miss Charlize Fleming, Betton  2043, Ontario - 6014, Haiti",9/9/2018,234,Dispatched
235,"Mr. Kurt Wilkinson, Blue Anchor  7493, Arlington - 0566, Sudan, South",5/17/2011,235,Shipped
236,"Mr. Nick Irwin, Bocking   8255, Berna - 6376, Burkina Faso",8/11/2012,236,Pending
237,"Ms. Camellia Watt, Becher  9246, Scottsdale - 0500, Somalia",12/25/2010,237,In process
238,"Ms. Analise Partridge, Chandos  2670, Venice - 5604, Togo",1/16/2000,238,Delivered
239,"Miss Marigold Robertson, Coleman  578, Escondido - 2731, Burundi",3/6/2016,239,Dispatched
240,"Mr. Ramon Judd, Dunsley  3459, Honolulu - 5075, Ethiopia",7/27/2008,240,Shipped
241,"Mr. William Lloyd, Bellenden   6929, Lakewood - 6885, Sudan",7/25/2002,241,Pending
242,"Mr. Maxwell Roberts, Comet House  731, Tallahassee - 5023, Comoros",6/10/2008,242,In process
243,"Ms. Winnie Yarlett, Udall   6301, Rome - 8523, Egypt",3/14/2015,243,Delivered
244,"Mrs. Adalie Shea, Lonsdale  5955, New Orleans - 5444, San Marino",12/18/2005,244,Dispatched
245,"Mr. Tony Allington, Blandford  8092, Colorado Springs - 2827, Nigeria",7/20/2013,245,Shipped
246,"Mr. Chris Beal, Wager   9241, San Diego - 6415, Sao Tome and Principe",7/27/2003,246,Pending
247,"Miss Ember Johnson, Calshot   3650, Fremont - 1550, United Kingdom",7/26/2015,247,In process
248,"Mr. Domenic Richards, Gatonby   3041, Lincoln - 1835, Mexico",11/22/2004,248,Delivered
249,"Mrs. Jocelyn Yates, Wakley   6550, Garland - 4222, Côte d’Ivoire",12/25/2018,249,Dispatched
250,"Mr. Lucas Turner, Gathorne   2862, London - 6772, Austria",7/19/2016,250,Shipped
251,"Mr. Julian Morris, Clarges   1692, Salt Lake City - 8480, Kosovo",8/23/2020,251,Pending
252,"Mr. Rufus Wooldridge, Anns  7909, Moreno Valley - 2148, Argentina",6/24/2008,252,In process
253,"Mr. Mark Andersson, Bellenden   7907, Denver - 0147, Kuwait",9/17/2003,253,Delivered
254,"Mr. Lucas Hobbs, Baynes  423, Chicago - 6538, Kazakhstan",5/19/2005,254,Dispatched
255,"Miss Joyce Eaton, Lincoln 6966, Laredo - 6146, Swaziland",3/15/2000,255,Shipped
256,"Mr. Benjamin Gibbons, Kinglake  2580, Las Vegas - 2848, Egypt",5/16/2017,256,Pending
257,"Mr. Abdul Murphy, Wager   2144, Sacramento - 8361, Syria",5/2/2006,257,In process
258,"Mr. Denis Shea, Hamilton  6593, Richmond - 8604, Tuvalu",3/31/2016,258,Delivered
259,"Mr. Eduardo Gray, Calvin   6742, Fullerton - 4564, Benin",10/25/2000,259,Dispatched
260,"Mr. Enoch Lewis, Buttonwood 8481, Richmond - 2475, New Zealand",11/28/2013,260,Shipped
261,"Mrs. Janice Santos, Chatfield  3510, San Bernardino - 5522, Iran",7/7/2003,261,Pending
262,"Mr. Benny Hunter, Blackwall  5698, Venice - 7258, Canada",3/2/2000,262,In process
263,"Mr. Russel Griffiths, Paris   377, Moreno Valley - 4116, Serbia",4/26/2011,263,Delivered
264,"Mr. Nate Addison, Timothy  4651, Norfolk - 2546, El Salvador",6/30/2009,264,Dispatched
265,"Miss Zoe Horton, Argyle  4428, Wien - 0304, Canada",10/27/2017,265,Shipped
266,"Ms. Sloane Corbett, Blean   3451, Irving - 0217, Canada",3/15/2007,266,Pending
267,"Mr. Eduardo Fisher, Caroline  1717, Salem - 4721, Costa Rica",2/28/2020,267,In process
268,"Ms. Amelia Poulton, Adelaide  5379, El Paso - 0286, Australia",2/29/2012,268,Delivered
269,"Miss Mayleen Cunningham, Norfolk  6513, Quebec - 2072, Ukraine",8/12/2004,269,Dispatched
270,"Miss Brooklyn Oldfield, Meadow 8374, Bellevue - 8773, Uruguay",1/5/2009,270,Shipped
271,"Mr. Bob Robe, Antrobus   2264, Miami - 5011, Iran",10/27/2005,271,Pending
272,"Mr. Jack Fox, Sherwood  4444, Indianapolis - 2763, Sierra Leone",8/18/2006,272,In process
273,"Mr. Brad Bowen, Cleveland  723, Zurich - 4321, Norway",9/23/2014,273,Delivered
274,"Ms. Georgia King, Castle 800, Lisbon - 1021, Jamaica",2/28/2017,274,Dispatched
275,"Ms. Luna Parker, Hampden  1411, Oakland - 7883, Jordan",8/25/2005,275,Shipped
276,"Mrs. Ema Bennett, Betton  7652, Orlando - 8206, Australia",4/26/2018,276,Pending
277,"Mrs. Tess Baker, Sheringham   6783, Milwaukee - 7371, Bolivia",5/14/2013,277,In process
278,"Mr. Wade Cunningham, Pine 869, Fullerton - 4556, Laos",12/4/2008,278,Delivered
279,"Mr. Logan Rehman, Champion  9264, Ontario - 3507, Kiribati",6/28/2012,279,Dispatched
280,"Ms. Isabel Harvey, Cecilia  5367, San Bernardino - 8418, Russia",2/18/2020,280,Shipped
281,"Mr. Clint Rose, Cecilia  1186, El Paso - 7875, Brazil",2/27/2006,281,Pending
282,"Miss Havana Jackson, Coborn  1244, Stockton - 5852, Israel",1/18/2020,282,In process
283,"Mr. Gabriel Murray, Bales  3892, Wien - 0158, USA",10/25/2019,283,Delivered
284,"Mr. Roger Carpenter, Bliss  469, San Bernardino - 6178, Cabo Verde",8/12/2018,284,Dispatched
285,"Mr. Roger Gordon, Caedmon  5957, Columbus - 8720, Russia",10/10/2004,285,Shipped
286,"Mr. Jacob Hobson, Arundel   3381, Innsbruck - 5022, Mongolia",10/2/2008,286,Pending
287,"Mrs. Carmella Styles, Maple 2374, Indianapolis - 5403, Belgium",9/18/2019,287,In process
288,"Mr. Hank Seymour, Bective  332, Santa Ana - 0143, Malaysia",9/3/2007,288,Delivered
289,"Mr. Matthew Wilde, Thorndike   1154, Hayward - 6263, Marshall Islands",11/21/2020,289,Dispatched
290,"Ms. Daphne Wilson, Linda   686, Las Vegas - 6653, The Bahamas",7/27/2017,290,Shipped
291,"Mrs. Evie Alexander, Cardinal 8461, Worcester - 0337, Cabo Verde",5/17/2014,291,Pending
292,"Mr. Ramon Truscott, Cavell   3000, Paris - 0208, Peru",6/8/2014,292,In process
293,"Ms. Karen Simpson, Eaglet  9454, Fullerton - 8508, Congo",4/17/2005,293,Delivered
294,"Miss Samara Wren, Longman   812, Boston - 2244, South Africa",12/23/2019,294,Dispatched
295,"Mr. Martin Uttridge, Dunstans  4582, Berna - 7704, Nicaragua",10/24/2007,295,Shipped
296,"Mrs. Britney Graham, Andsell    8503, Venice - 4762, Dominica",12/7/2008,296,Pending
297,"Mr. Matthew Anderson, Wakley   3764, Las Vegas - 1382, Cameroon",8/23/2011,297,In process
298,"Ms. Amelia Ogilvy, Unwin  5991, Scottsdale - 6116, Peru",11/3/2003,298,Delivered
299,"Miss Aisha Lomax, Oxford 7182, Arlington - 6483, Netherlands",12/2/2012,299,Dispatched
300,"Mr. Chuck Russel, Woodland 4925, Richmond - 0207, Malta",1/15/2013,300,Shipped
301,"Miss Destiny Addis, Gatonby   3461, Boston - 8778, Ghana",12/7/2004,301,Pending
302,"Ms. Eileen Skinner, Chart   545, Fremont - 5422, Saudi Arabia",10/10/2017,302,In process
303,"Miss Greta Tanner, Arline    269, Jacksonville - 4604, Bahrain",9/22/2010,303,Delivered
304,"Miss Angel Blackwall, Bede  7368, Santa Ana - 4183, Dominica",4/11/2002,304,Dispatched
305,"Mr. Alexander Owen, Arlington  2051, Laredo - 2245, Niger",5/22/2011,305,Shipped
306,"Mr. Gil Hilton, Norfolk  5474, Bakersfield - 1836, Greece",6/27/2014,306,Pending
307,"Miss Megan Broomfield, Blomfield  3371, Salt Lake City - 7731, Zambia",3/14/2003,307,In process
308,"Ms. Rihanna Bloom, Cavell   1969, Charlotte - 1554, Portugal",2/19/2010,308,Delivered
309,"Ms. Judith Purvis, Walnut 2228, San Diego - 0820, Azerbaijan",6/21/2007,309,Dispatched
310,"Ms. Rosa Weasley, Cliff  2630, Atlanta - 6002, Paraguay",7/22/2016,310,Shipped
311,"Miss Scarlett Lyon, Chamberlain  4066, Salt Lake City - 6511, Mozambique",1/19/2002,311,Pending
312,"Mr. Alan Porter, Carlton  942, Memphis - 8404, Mongolia",10/26/2019,312,In process
313,"Mr. Chadwick Jarvis, Edwin   8902, San Antonio - 0117, Mozambique",9/28/2001,313,Delivered
314,"Mr. Brad Pitt, Biggerstaff   638, Santa Ana - 6655, Seychelles",8/25/2018,314,Dispatched
315,"Mr. Josh Judd, Gate   4971, Zurich - 6611, Tonga",8/30/2005,315,Shipped
316,"Mr. Elijah Rowe, Anns  875, Garland - 7855, Cabo Verde",12/12/2005,316,Pending
317,"Mr. Ramon Evans, Camera  2890, Hollywood - 6643, Bahrain",3/15/2019,317,In process
318,"Miss Selena Sherwood, Castile  8900, Fremont - 6303, Burkina Faso",4/24/2018,318,Delivered
319,"Miss Gina Zaoui, Archery  4179, Tokyo - 1141, Ukraine",10/10/2013,319,Dispatched
320,"Mr. Nicholas Sinclair, Cavaye  4396, Detroit - 4128, Sierra Leone",12/18/2017,320,Shipped
321,"Mr. Doug Reynolds, Badric  93, Glendale - 3644, USA",1/19/2016,321,Pending
322,"Miss Diane Simpson, Bigland  9486, Venice - 5852, Australia",10/28/2008,322,In process
323,"Mrs. Belinda Vinton, Cato   7919, Long Beach - 1477, Israel",2/21/2019,323,Delivered
324,"Mr. Danny Yarlett, Cliffords  2479, Pittsburgh - 0332, Zambia",4/13/2015,324,Dispatched
325,"Mr. John Norman, Caxton  8116, Jacksonville - 2430, Denmark",4/8/2003,325,Shipped
326,"Miss Angelique Walsh, Bellenden  2386, Kansas City - 4767, Qatar",8/21/2011,326,Pending
327,"Ms. Dalia Thorpe, Walnut 5350, Chicago - 3134, Angola",1/19/2004,327,In process
328,"Ms. Bree Jones, Dyott   4855, Berlin - 0372, Saint Kitts and Nevis",7/19/2020,328,Delivered
329,"Mr. Percy Abbot, Endsleigh  3712, Oklahoma City - 2363, Iceland",7/23/2014,329,Dispatched
330,"Mr. Leroy Antcliff, Calverley  5489, Escondido - 3328, Sierra Leone",9/19/2004,330,Shipped
331,"Miss Dalia Cooper, Ampton  1084, Lyon - 2554, Austria",8/25/2001,331,Pending
332,"Ms. Makena Donovan, Parkgate  3270, Henderson - 3863, Uzbekistan",10/10/2009,332,In process
333,"Ms. Mona Stevens, Parkgate  2839, Saint Paul - 6686, Guinea-Bissau",1/14/2001,333,Delivered
334,"Mrs. Stacy Campbell, Tisbury  1562, Los Angeles - 3481, Ethiopia",5/6/2014,334,Dispatched
335,"Mrs. Keira Cobb, Cheltenham  2837, Venice - 1464, Jordan",1/28/2012,335,Shipped
336,"Miss Mayleen Pierce, Union  9704, Innsbruck - 1304, Brunei",7/25/2003,336,Pending
337,"Mr. Phillip Stanley, Caslon   3365, Arlington - 6305, Switzerland",6/15/2014,337,In process
338,"Mrs. Leanne Doherty, Carlton  7777, Milano - 4135, United Kingdom",10/1/2016,338,Delivered
339,"Mr. Michael Yates, Emily  7384, Irving - 0485, Vatican City",5/12/2008,339,Dispatched
340,"Mr. Chester James, Arthur  1107, Lakewood - 2204, Trinidad and Tobago",6/22/2015,340,Shipped
341,"Mr. Nathan Stewart, Queen 414, Memphis - 6833, Kosovo",12/1/2002,341,Pending
342,"Mr. William Underhill, Bell    4853, Oklahoma City - 5123, Saint Kitts and Nevis",7/2/2005,342,In process
343,"Mr. Daron Townend, Longleigh   7854, Otawa - 2535, Mauritania",1/11/2016,343,Delivered
344,"Mrs. Audrey Woodley, Cable    397, Lisbon - 5264, Suriname",12/20/2012,344,Dispatched
345,"Miss Destiny Weston, Armory  5113, Long Beach - 1572, Ghana",6/15/2018,345,Shipped
346,"Ms. Megan Broomfield, Cheney  9367, Sacramento - 0463, Somalia",12/1/2004,346,Pending
347,"Miss Marina Chester, Tilson  5093, Minneapolis - 4026, Turkmenistan",10/5/2016,347,In process
348,"Mr. Leroy Martin, Rail 6621, Charlotte - 0051, Bosnia and Herzegovina",12/21/2002,348,Delivered
349,"Mrs. Maria Williams, Unwin  8632, Paris - 5866, Taiwan",6/28/2003,349,Dispatched
350,"Mr. Barney Radley, Angel  2170, Baltimore - 1878, Switzerland",7/7/2006,350,Shipped
351,"Mrs. Mabel Eastwood, Rivervalley 7028, Bucharest - 0464, Fiji",10/13/2018,351,Pending
352,"Mr. Bart Todd, King William  3629, Richmond - 8758, Congo, Republic of the",4/21/2020,352,In process
353,"Mr. Gil Aldridge, Liverpool  324, Jacksonville - 3600, Myanmar",2/23/2015,353,Delivered
354,"Ms. Lily Nanton, Clarks  8706, Orlando - 0382, Ghana",1/1/2015,354,Dispatched
355,"Miss Keira Wild, West 2482, Berlin - 2266, Albania",4/11/2006,355,Shipped
356,"Mr. Eduardo Wood, Zealand 9614, Miami - 5502, Greece",8/25/2014,356,Pending
357,"Mrs. Aleksandra Sheldon, Dunstable   4509, Denver - 6330, Tunisia",7/23/2002,357,In process
358,"Mr. Lucas Ainsworth, Chestnut Rise 4128, Denver - 4382, Yemen",6/12/2019,358,Delivered
359,"Ms. Alexia Flynn, Cave   3869, El Paso - 8221, Ethiopia",4/16/2019,359,Dispatched
360,"Miss Britney Parsons, Carolina  3745, Long Beach - 5444, Saint Kitts and Nevis",5/20/2003,360,Shipped
361,"Miss Camellia Santos, Lexington 565, Philadelphia - 2348, Syria",2/4/2004,361,Pending
362,"Miss Makenzie Bullock, Dunsley  1874, Lancaster - 5751, Guyana",7/22/2018,362,In process
363,"Mr. Gil Blythe, Thurloe   5453, Salem - 2770, Micronesia",7/29/2008,363,Delivered
364,"Ms. Isla Crawford, Clissold  5118, Salem - 5170, Tajikistan",12/16/2017,364,Dispatched
365,"Mr. Tyson Little, Westcott  4407, Hollywood - 8673, Central African Republic",5/2/2002,365,Shipped
366,"Miss Adela Whatson, Calvin   5538, Colorado Springs - 0648, Cameroon",5/9/2010,366,Pending
367,"Mr. Nate Wilkinson, Sherwood  1616, Bucharest - 4063, Moldova",8/7/2002,367,In process
368,"Mrs. Carmen Gibbons, Camdale  5193, Pittsburgh - 1634, Greece",12/29/2010,368,Delivered
369,"Mr. Benjamin Harris, Carpenter 2974, San Diego - 0066, Argentina",8/15/2002,369,Dispatched
370,"Mr. Barney Dobson, Coalecroft  5227, Lakewood - 0612, Rwanda",4/21/2013,370,Shipped
371,"Mr. Aiden Shea, Thurloe   7766, Omaha - 2027, Senegal",9/7/2015,371,Pending
372,"Mr. Mike Quinn, Thomas More   5344, Lancaster - 8250, USA",4/26/2000,372,In process
373,"Ms. Andie Clifton, Apothecary   9397, Laredo - 1578, Algeria",12/16/2013,373,Delivered
374,"Mr. Ronald Davies, Chester  6689, Chicago - 6755, Togo",10/16/2015,374,Dispatched
375,"Mr. Abdul Haines, Meadow 3695, Miami - 5656, Myanmar",6/5/2012,375,Shipped
376,"Miss Cassandra James, Canon 6313, Nashville - 1528, Peru",12/24/2005,376,Pending
377,"Mr. Ethan Norton, Sheffield 5525, Berlin - 6030, Togo",11/8/2020,377,In process
378,"Mr. Aiden Chadwick, Ampton  6926, Las Vegas - 2651, Venezuela",3/19/2009,378,Delivered
379,"Mrs. Susan Chapman, Virgil   6615, Springfield - 7724, Luxembourg",6/24/2012,379,Dispatched
380,"Mr. Jack Cowan, Chart   4077, Atlanta - 8877, Paraguay",8/17/2008,380,Shipped
381,"Mr. Ron Gordon, Clerkenwell 4757, Huntsville - 6261, United Kingdom",2/12/2003,381,Pending
382,"Mr. Harvey Whinter, Central  6883, Tulsa - 6085, Vanuatu",12/23/2017,382,In process
383,"Ms. Rosalyn Emmett, Black Swan  7084, Escondido - 6663, Saint Vincent and the Grenadines",4/9/2004,383,Delivered
384,"Mrs. Eryn Fowler, Bishop   4477, Bakersfield - 3083, Iraq",5/9/2017,384,Dispatched
385,"Mr. Leroy Stubbs, Magnolia 7553, Oklahoma City - 7300, Spain",11/3/2006,385,Shipped
386,"Ms. Darlene Fields, Black Friars   6075, El Paso - 5107, Mali",10/26/2007,386,Pending
387,"Mr. Denis Tait, Sherwood  8033, Otawa - 3853, Kuwait",12/14/2007,387,In process
388,"Mrs. Aurelia Veale, Garfield 4580, Scottsdale - 6357, Kiribati",2/25/2019,388,Delivered
389,"Miss Eden Walter, Collingwood  6198, Amarillo - 3373, Israel",7/31/2003,389,Dispatched
390,"Ms. Scarlett Dixon, Cable    1224, Toledo - 4015, Romania",6/17/2020,390,Shipped
391,"Mr. Rocco Andrews, Caedmon  4193, Richmond - 6464, Benin",7/9/2001,391,Pending
392,"Mr. Doug Dubois, Cavell   5159, Louisville - 0605, Slovenia",1/26/2001,392,In process
393,"Ms. Hope Webster, Clarges   6563, Madison - 4873, San Marino",1/1/2014,393,Delivered
394,"Mr. Liam Wilde, Howard 7207, Garland - 5677, Monaco",5/28/2016,394,Dispatched
395,"Mr. Daniel Bell, Viscount   4478, Valetta - 6747, Colombia",2/19/2002,395,Shipped
396,"Mrs. Courtney Wilkinson, Becklow  7538, Otawa - 5673, Congo",1/9/2017,396,Pending
397,"Mr. Doug Bingham, Thomas Doyle   3465, Milano - 1617, Mongolia",4/18/2019,397,In process
398,"Miss Elisabeth Clifford, Bliss  7113, Salt Lake City - 4222, Uzbekistan",1/24/2001,398,Delivered
399,"Mrs. Valentina Radley, Bede  6135, Wien - 3052, Philippines",8/14/2019,399,Dispatched
400,"Mr. Denis Grey, Ashley 5153, Tallahassee - 4344, Kosovo",7/21/2000,400,Shipped
401,"Mr. Rick Avery, Chambers  9506, Tallahassee - 7780, Mongolia",4/17/2009,401,Pending
402,"Mrs. Molly Murphy, Babmaes    464, Lincoln - 2251, Brazil",10/28/2001,402,In process
403,"Mr. Chris Weatcroft, Cliffords  3673, Irving - 3500, Liechtenstein",7/30/2008,403,Delivered
404,"Mrs. Alba Gray, Charnwood   9782, Tallahassee - 1330, Liechtenstein",4/26/2017,404,Dispatched
405,"Mr. Cedrick Kennedy, North 1305, Paris - 1804, Mauritius",9/28/2020,405,Shipped
406,"Mr. Cedrick Allcott, Durnford  9538, Venice - 4330, Ecuador",2/9/2006,406,Pending
407,"Mrs. Logan Welsch, Rosewood 2701, Quebec - 6483, Burundi",5/29/2009,407,In process
408,"Mr. Enoch Wright, Collins  2738, Lyon - 5732, Afghanistan",7/26/2002,408,Delivered
409,"Mr. Doug Denton, Spruce 2027, London - 3110, Papua New Guinea",10/3/2011,409,Dispatched
410,"Mr. Erick Varley, Birkenhead   8661, Milano - 0517, South Africa",2/10/2020,410,Shipped
411,"Mr. Cedrick Rodgers, Heritage 7885, Charlotte - 3234, Taiwan",7/19/2005,411,Pending
412,"Mr. Nate Needham, Dunsley  2744, Bellevue - 5886, Philippines",8/10/2008,412,In process
413,"Mrs. Alessia Rowe, Tilson  111, Seattle - 4242, Saudi Arabia",9/29/2006,413,Delivered
414,"Mrs. Peyton Glass, Ellerslie 7321, Scottsdale - 6420, Egypt",12/17/2001,414,Dispatched
415,"Mr. Carter Kerr, Battersea   1925, Omaha - 3485, Madagascar",7/5/2020,415,Shipped
416,"Mrs. Camila Vollans, Collingwood  3042, Irving - 7762, Serbia",12/19/2018,416,Pending
417,"Mr. Matt Moreno, Enderby   8841, Lyon - 8874, Cabo Verde",6/15/2003,417,In process
418,"Ms. Emmanuelle Young, Camden  526, Las Vegas - 6110, Liberia",3/18/2018,418,Delivered
419,"Mr. Gabriel Johnson, Cavell   7690, Santa Ana - 2548, Bolivia",10/4/2015,419,Dispatched
420,"Miss Nina Ramsey, Durnford  8654, Escondido - 4723, Denmark",5/12/2017,420,Shipped
421,"Mr. Owen Wellington, King 5605, Madrid - 2358, Colombia",3/21/2003,421,Pending
422,"Mr. Russel Robe, Cephas  7492, San Bernardino - 5243, Ireland",5/19/2008,422,In process
423,"Mr. Leroy Clarkson, South 9891, San Antonio - 3412, Niger",9/4/2019,423,Delivered
424,"Miss Martha Saunders, Elizabeth  898, Lisbon - 6483, Tonga",3/11/2003,424,Dispatched
425,"Mr. Mike Milner, Oxford 5625, Colorado Springs - 4304, Cameroon",10/15/2009,425,Shipped
426,"Mr. George Bristow, Beaumont  9056, Houston - 3058, Ethiopia",12/14/2011,426,Pending
427,"Miss Kamila Bishop, Badric  2698, Madison - 6801, Egypt",2/4/2012,427,In process
428,"Ms. Elisabeth Page , Maple 1727, St. Louis - 1130, Taiwan",11/30/2011,428,Delivered
429,"Mr. Denny Rigg, Meadow 7563, New York - 8376, Romania",2/21/2016,429,Dispatched
430,"Mr. Harry Pratt, Angel  9592, Honolulu - 1346, Congo, Republic of the",8/19/2005,430,Shipped
431,"Mr. Wade Clark, Adams  4133, Lyon - 4227, Botswana",4/27/2009,431,Pending
432,"Ms. Margot Roth, Calshot   5888, Las Vegas - 8623, Cambodia",4/4/2000,432,In process
433,"Mr. Barry Heaton, Colombo   8025, Bridgeport - 8500, Nepal",7/2/2002,433,Delivered
434,"Mr. Barry Shea, Ellerman   1584, Otawa - 4022, Libya",8/1/2020,434,Dispatched
435,"Mr. Luke Warden, Angrave    7052, Bakersfield - 7613, Montenegro",4/21/2012,435,Shipped
436,"Ms. Harriet Tyler, Armory  7140, Milano - 5065, Micronesia",2/20/2011,436,Pending
437,"Mr. Chester Stewart, Lincoln 9328, Worcester - 3032, Belarus",6/22/2016,437,In process
438,"Ms. Mackenzie Dallas, King Edward  6917, Indianapolis - 8876, Djibouti",5/26/2001,438,Delivered
439,"Mr. Johnathan Radcliffe, Cloth  1035, Sacramento - 5436, Vanuatu",1/3/2009,439,Dispatched
440,"Mr. Logan Victor, Dunton  480, Henderson - 7216, China",2/27/2004,440,Shipped
441,"Mrs. Christy Ballard, Fawn 439, New York - 3553, Austria",5/22/2020,441,Pending
442,"Ms. Quinn Vince, West 655, Albuquerque - 1775, Niger",8/9/2007,442,In process
443,"Mr. Domenic Morrison, Black Friars   9248, Portland - 6715, Malta",1/27/2013,443,Delivered
444,"Mrs. Victoria Murray, Fieldstone 9553, Cincinnati - 0240, Indonesia",10/11/2009,444,Dispatched
445,"Mr. Matthew Ashley, Blomfield  5364, Ontario - 0344, Italy",8/21/2009,445,Shipped
446,"Ms. Miley Dempsey, Longleigh   3850, Colorado Springs - 1736, Equatorial Guinea",9/22/2017,446,Pending
447,"Ms. Emerald Goldsmith, Bolton  5261, Moreno Valley - 1436, Burkina Faso",3/25/2009,447,In process
448,"Mrs. Payton Jenkins, Heritage 2226, Los Angeles - 7544, Guinea",1/28/2017,448,Delivered
449,"Miss Charlize Hope, Beechen  3059, Fayetteville - 3483, Tuvalu",4/28/2014,449,Dispatched
450,"Mr. Joseph Hill, Blandford  824, Oakland - 7385, Bulgaria",7/15/2000,450,Shipped
451,"Ms. Michelle Funnell, Coleman  2293, Murfreesboro - 5456, Switzerland",3/27/2017,451,Pending
452,"Mr. Bryon Forth, Clere  9343, Omaha - 1028, Rwanda",8/6/2015,452,In process
453,"Mrs. Ciara Shields, Comet House  952, Lyon - 5117, Guyana",10/30/2007,453,Delivered
454,"Mr. Tony Vincent, Canon 2677, Berna - 1635, Algeria",10/27/2006,454,Dispatched
455,"Mr. Harry Vaughan, Adams  7084, Lisbon - 6068, Tajikistan",3/7/2001,455,Shipped
456,"Miss Jenna Bell, Chambers  4595, Otawa - 2816, Canada",1/9/2011,456,Pending
457,"Mrs. Ellen Rossi, Wake  5589, Tokyo - 0837, Tunisia",10/4/2007,457,In process
458,"Ms. Jackeline Roberts, Balfe   1187, Long Beach - 7025, Grenada",4/7/2020,458,Delivered
459,"Mr. Leroy Young, Gate   1546, Rome - 5757, Bangladesh",12/5/2013,459,Dispatched
460,"Mrs. Destiny Ebbs, Heritage 7990, Fullerton - 1214, Lebanon",2/19/2020,460,Shipped
461,"Mr. Roger Shields, Chesterfield  5822, Lyon - 4426, Dominica",5/29/2006,461,Pending
462,"Mrs. Lily Shaw, Apostle  7140, Laredo - 5612, Guinea",2/4/2013,462,In process
463,"Miss Anais Latham, Elf  2043, Memphis - 4308, Samoa",3/7/2002,463,Delivered
464,"Mr. Barry Hope, Ayres   5366, Detroit - 4348, Chad",6/15/2006,464,Dispatched
465,"Mr. Tony Hunter, Elgood   741, Santa Ana - 2322, Antigua and Barbuda",4/13/2016,465,Shipped
466,"Mr. Chester Powell, Mariner  3753, Rochester - 8775, Belgium",12/16/2004,466,Pending
467,"Mr. Sebastian Chadwick, Addison  2032, Milwaukee - 8788, Antigua and Barbuda",4/19/2006,467,In process
468,"Mrs. Peyton Robertson, Belfort  8490, Quebec - 1816, Belgium",12/23/2008,468,Delivered
469,"Miss Mabel Robertson, Yoakley 5024, Kansas City - 1611, Brunei",4/23/2009,469,Dispatched
470,"Mr. Danny Appleton, Beechen  6977, Detroit - 3201, Vietnam",3/3/2009,470,Shipped
471,"Ms. Livia Stanton, Carol   2478, New York - 3316, Dominican Republic",10/9/2014,471,Pending
472,"Mrs. Naomi Savage, Archery  3294, Kansas City - 3742, Malawi",10/1/2007,472,In process
473,"Mr. Mason Hall, Ensign   701, Seattle - 7622, Bhutan",3/14/2020,473,Delivered
474,"Ms. Vera Booth, Bendmore  6961, Salem - 5066, Angola",4/21/2000,474,Dispatched
475,"Mrs. Remy Ebden, Bendall   5331, Fullerton - 3271, Chile",11/7/2000,475,Shipped
476,"Mr. Fred Corbett, Victoria  8426, Omaha - 8201, Central African Republic",4/10/2007,476,Pending
477,"Mr. Eduardo Neal, Carnegie   4647, Memphis - 7205, Norway",2/3/2012,477,In process
478,"Mr. George Hunter, Chestnut  9583, New Orleans - 5770, Brunei",5/15/2008,478,Delivered
479,"Mr. Ramon Lunt, Kimberley  7815, New York - 2087, Afghanistan",11/27/2004,479,Dispatched
480,"Miss Remy Dwyer, Rosewood 737, Moreno Valley - 2437, Libya",4/30/2009,480,Shipped
481,"Mr. Ronald Pratt, Blore  6726, Long Beach - 5325, Morocco",7/1/2003,481,Pending
482,"Miss Adela Giles, Maple 9799, Irving - 8463, Senegal",3/10/2020,482,In process
483,"Ms. Goldie Wise, St. Johs  795, Denver - 6517, Zimbabwe",8/5/2008,483,Delivered
484,"Mr. Tyson Reid, East 9227, Milano - 8607, Angola",10/4/2005,484,Dispatched
485,"Mr. Matthew Sheldon, Tilloch   5601, Pittsburgh - 2658, Namibia",2/19/2004,485,Shipped
486,"Miss Keira Villiger, Erindale 2286, Richmond - 5750, Papua New Guinea",12/3/2004,486,Pending
487,"Mrs. Judith Pitt, Apollo  1946, Washington - 3718, Uzbekistan",2/9/2000,487,In process
488,"Mr. Phillip Morris, Camberwell  2354, Omaha - 1010, Lebanon",4/3/2011,488,Delivered
489,"Ms. Harmony Funnell, Clifton  3191, Bellevue - 4414, The Bahamas",1/15/2006,489,Dispatched
490,"Mrs. Jolene Devonport, Sheffield 9305, Columbus - 3851, Kosovo",2/21/2002,490,Shipped
491,"Mr. Ryan Hood, Baynes  1370, Colorado Springs - 2610, The Gambia",5/13/2015,491,Pending
492,"Miss Morgan Vollans, Geffrye   7174, Phoenix - 1486, Thailand",6/17/2003,492,In process
493,"Mr. Chris Bennett, Tisbury  6593, Los Angeles - 6765, Somalia",6/7/2018,493,Delivered
494,"Mrs. Elle Johnson, Apsley    132, San Jose - 3333, China",8/28/2009,494,Dispatched
495,"Ms. Hailey Mann, Bellenden   6876, Houston - 8208, Israel",2/5/2002,495,Shipped
496,"Mr. Marvin Jeffery, Blomfield  2175, Berlin - 2317, Cyprus",9/21/2005,496,Pending
497,"Mr. Marvin James, Becklow  6920, Indianapolis - 0708, Sierra Leone",6/23/2000,497,In process
498,"Mrs. Cara Davies, Champion  4306, Lancaster - 5344, Liberia",8/28/2018,498,Delivered
499,"Mr. Carter Newman, Collingwood  7237, Rochester - 5207, Madagascar",5/11/2006,499,Dispatched
500,"Mr. Aiden Hooper, Sheringham   5077, Garland - 1742, Oman",7/8/2004,500,Shipped
501,"Mr. Anthony Hardwick, Gathorne   5808, Richmond - 2244, Brunei",2/5/2012,501,Pending
502,"Miss Jamie Graham, Battis   8572, El Paso - 2667, Vietnam",9/10/2009,502,In process
503,"Mr. Leroy Shepherd, Garfield 1763, Reno - 2815, Madagascar",12/1/2000,503,Delivered
504,"Ms. Irene Janes, Comet House  3901, Colorado Springs - 4053, Guinea",8/28/2015,504,Dispatched
505,"Ms. Morgan Torres, Bicknell  9414, Wien - 1117, The Bahamas",5/21/2005,505,Shipped
506,"Ms. Gladys Mcleod, Clarges   636, Phoenix - 4472, Rwanda",12/11/2016,506,Pending
507,"Ms. Alessia Mitchell, Caslon   3799, Bucharest - 2861, Serbia",1/14/2011,507,In process
508,"Mr. David Rose, Bletchley   3970, Kansas City - 0426, Denmark",12/7/2012,508,Delivered
509,"Ms. Abbey Callan, Apsley    4570, Salem - 6044, Angola",12/26/2017,509,Dispatched
510,"Mrs. Doris Young, Elgood   8689, Milano - 8132, Comoros",12/8/2013,510,Shipped
511,"Mr. Erick Griffiths, Birkin   2654, San Bernardino - 8035, Niger",10/4/2019,511,Pending
512,"Mrs. Melody Chadwick, Belgrave  8310, Laredo - 6517, Taiwan",10/27/2003,512,In process
513,"Mr. Josh Pope, Andsell    4702, Jersey City - 3623, Vietnam",6/21/2004,513,Delivered
514,"Ms. Sage Dunbar, Blendon    6380, Bakersfield - 5308, United Arab Emirates",10/23/2009,514,Dispatched
515,"Mrs. Jade Tait, Calvin   9223, Jacksonville - 8102, Georgia",7/16/2008,515,Shipped
516,"Mr. Sebastian Khan, Dunton  7666, London - 2827, Slovakia",7/7/2011,516,Pending
517,"Mr. Owen Stanton, Berry  925, Jersey City - 2220, Jordan",6/20/2007,517,In process
518,"Mr. Boris Preston, Carpenter 5547, Moreno Valley - 5260, Barbados",7/6/2001,518,Delivered
519,"Mr. Michael Russel, Parkfield  9218, Toledo - 0288, Liechtenstein",10/25/2013,519,Dispatched
520,"Mr. Denis Palmer, Earl Rise 9583, Kansas City - 8203, Palau",1/16/2001,520,Shipped
521,"Mr. Chris Woods, Norland  8506, Houston - 5865, Canada",3/6/2013,521,Pending
522,"Mr. Harry Edwards, Lexington 8614, Richmond - 1650, Vanuatu",1/17/2012,522,In process
523,"Ms. Erica Isaac, Apostle  4500, Indianapolis - 2714, East Timor (Timor-Leste)",1/27/2007,523,Delivered
524,"Mr. Sebastian Rowan, Callcott   7332, San Francisco - 0126, Paraguay",7/17/2017,524,Dispatched
525,"Mr. Russel Walker, Tisbury  6047, Albuquerque - 3635, Angola",12/28/2006,525,Shipped
526,"Ms. Eryn Bailey, Camden  1052, San Antonio - 0641, Malta",11/16/2015,526,Pending
527,"Mrs. Stacy Rixon, Parkgate  7735, Toledo - 4571, Kosovo",6/16/2001,527,In process
528,"Miss Hanna Lucas, Magnolia 3491, Laredo - 5048, Burundi",9/30/2008,528,Delivered
529,"Mr. Ethan Dale, Fairholt   3752, Richmond - 3880, Mali",4/23/2019,529,Dispatched
530,"Ms. Marjorie Slater, Bempton   6377, Lancaster - 7363, Turkmenistan",3/25/2018,530,Shipped
531,"Mr. Julius Walker, Apsley    9187, Wien - 0727, El Salvador",9/22/2005,531,Pending
532,"Ms. Kassandra Larsen, Betton  8282, London - 2433, Andorra",3/19/2020,532,In process
533,"Miss Adina Wilson, Abbots   9973, Jacksonville - 8148, Iran",4/10/2017,533,Delivered
534,"Mr. Harry Fisher, Hamilton  8683, Phoenix - 3533, Papua New Guinea",11/21/2011,534,Dispatched
535,"Mrs. Alexia Ross, Liverpool  7039, San Francisco - 4450, Argentina",12/9/2017,535,Shipped
536,"Ms. Dasha Hammond, Archery  9470, Milwaukee - 8812, Turkmenistan",3/21/2012,536,Pending
537,"Ms. Eve Vangness, Jackson 9147, Madison - 3100, Luxembourg",7/3/2017,537,In process
538,"Mr. Harry Yoman, Angrave    6843, Nashville - 7415, Tonga",10/23/2007,538,Delivered
539,"Miss Melania Weston, Blore  2113, Murfreesboro - 8662, Liberia",7/30/2017,539,Dispatched
540,"Mr. Javier Lewis, Longman   61, Milano - 5806, Chile",7/22/2006,540,Shipped
541,"Miss Jaylene Glynn, Thurloe   9198, Oakland - 6855, Saudi Arabia",3/24/2009,541,Pending
542,"Ms. Clarissa Clark, Lexington 8393, Oklahoma City - 2226, Venezuela",9/21/2010,542,In process
543,"Ms. Zara Dobson, Aylward   415, Fort Lauderdale - 6731, Malawi",1/16/2009,543,Delivered
544,"Mr. David Holt, Westbourne 2116, San Bernardino - 2307, Cabo Verde",4/3/2003,544,Dispatched
545,"Mr. Nathan Lyon, Bendall   35, Bucharest - 0718, Laos",12/5/2014,545,Shipped
546,"Mr. Chuck Uddin, Chestnut Rise 3444, Omaha - 4484, Seychelles",7/9/2004,546,Pending
547,"Mr. Roger Neal, Canon 778, Garland - 0503, Macedonia",12/27/2005,547,In process
548,"Miss Gloria Thornton, Sundown 2915, Springfield - 5286, Zambia",5/23/2009,548,Delivered
549,"Miss Faith Taylor, Fairview 2257, Detroit - 0482, Antigua and Barbuda",1/24/2019,549,Dispatched
550,"Mr. Manuel Reynolds, Durweston   1903, Murfreesboro - 8033, Turkmenistan",6/14/2008,550,Shipped
551,"Mr. Chris Stark, Carol   3422, Omaha - 8107, Samoa",2/16/2020,551,Pending
552,"Mr. Johnny Ingram, Bolingbroke  5827, Milwaukee - 3141, Mauritania",5/4/2018,552,In process
553,"Mr. Tom Villiger, Heritage 6278, Orlando - 0071, Niger",12/27/2006,553,Delivered
554,"Mrs. Lorraine Clark, Balfe   7855, Columbus - 5403, Romania",3/6/2003,554,Dispatched
555,"Mr. Aiden Holt, Sundown 3376, Los Angeles - 0826, Australia",6/18/2009,555,Shipped
556,"Mr. Barry Blackburn, Camdale  6217, Sacramento - 4028, Indonesia",4/26/2005,556,Pending
557,"Mr. Nicholas James, Canon 6602, Madison - 3720, Lithuania",3/9/2000,557,In process
558,"Mr. Enoch Davies, Boadicea   8327, Tokyo - 7282, Bahrain",3/17/2009,558,Delivered
559,"Mr. Nick Graham, Cingworth  6595, Salem - 7873, Norway",10/6/2012,559,Dispatched
560,"Mr. Josh Devonport, Camdenhurst   1395, Bucharest - 8641, Guyana",6/9/2008,560,Shipped
561,"Mr. Benny Wellington, Thoresby   4816, Washington - 3687, South Africa",9/10/2008,561,Pending
562,"Mrs. Kirsten Veale, Ensign   4767, Springfield - 2340, Papua New Guinea",6/18/2011,562,In process
563,"Mrs. Vera Robinson, Blackheath  8457, Cincinnati - 5246, Dominican Republic",10/25/2006,563,Delivered
564,"Mrs. Madison Casey, Carlton  1443, Richmond - 0722, Liechtenstein",1/25/2010,564,Dispatched
565,"Mrs. Carina Milner, Bayberry 8449, Orlando - 5724, Slovenia",11/14/2016,565,Shipped
566,"Ms. Katelyn Shelton, Capeners  6560, El Paso - 6145, Uganda",10/27/2011,566,Pending
567,"Miss Payton Jobson, Longman   4337, Denver - 3008, Vatican City",1/10/2014,567,In process
568,"Ms. Anais Burge, Walnut 8074, Berna - 7487, India",8/26/2004,568,Delivered
569,"Miss Sofia Savage, Cliff  9582, Tallahassee - 5188, Central African Republic",3/18/2015,569,Dispatched
570,"Mr. Peter Torres, Blanchard  121, New York - 7414, Japan",11/30/2011,570,Shipped
571,"Mr. John Spencer, Jackson 3930, New York - 3068, Cameroon",8/24/2017,571,Pending
572,"Mrs. Stephanie Hobbs, Oxford 8298, Atlanta - 0072, Zambia",4/1/2009,572,In process
573,"Mrs. Bridget Curtis, Belmore  4062, Indianapolis - 7802, Lesotho",2/8/2001,573,Delivered
574,"Mr. Hayden Saunders, Kingly  6995, Tallahassee - 1815, Botswana",3/14/2002,574,Dispatched
575,"Miss Marigold Flett, Camley   7460, Irving - 4884, Saudi Arabia",8/22/2012,575,Shipped
576,"Mr. Benny Yarwood, Erindale 8955, Houston - 0283, The Gambia",5/15/2017,576,Pending
577,"Miss Ivy Butler, Argyle  7081, Bakersfield - 3831, Myanmar",4/11/2003,577,In process
578,"Miss Ciara Russell, Clere  1032, Hayward - 6060, Guinea",10/2/2006,578,Delivered
579,"Miss Grace Vollans, Rosewood 8274, Indianapolis - 1818, Iraq",2/7/2015,579,Dispatched
580,"Miss Jane Flack, Church 7073, Ontario - 0880, Belgium",6/28/2013,580,Shipped
581,"Mrs. Adela Hope, Chestnut Rise 6994, Albuquerque - 3210, Taiwan",6/24/2003,581,Pending
582,"Ms. Bryce Scott, Ely  5465, Prague - 3688, Luxembourg",8/26/2015,582,In process
583,"Mr. Caleb Lee, Blore  6182, Glendale - 6447, Sierra Leone",6/29/2012,583,Delivered
584,"Mr. Erick Lakey, St. Jamess  4573, San Diego - 1674, Nigeria",6/13/2015,584,Dispatched
585,"Ms. Nina Randall, Chatsworth  7783, Oakland - 1101, Mauritius",9/22/2015,585,Shipped
586,"Mr. Danny Kaur, Rosewood 8475, Berlin - 5024, Chile",5/9/2001,586,Pending
587,"Mr. Barney Walsh, Canon 3058, San Francisco - 0554, Fiji",8/31/2006,587,In process
588,"Mrs. Lucy Murphy, Ben   1888, Milano - 7164, Sudan, South",3/15/2005,588,Delivered
589,"Ms. Molly Darcy, Bennett  3024, Berlin - 7257, Trinidad and Tobago",10/8/2007,589,Dispatched
590,"Mr. Chester Greenwood, Archery  8068, Amarillo - 6723, Papua New Guinea",9/18/2017,590,Shipped
591,"Miss Irene Quinnell, Queen 36, Honolulu - 6428, Jamaica",8/7/2007,591,Pending
592,"Miss Alex Woodcock, Apothecary   4914, Stockton - 2365, Jordan",6/26/2019,592,In process
593,"Mr. Chuck Gaynor, Wake  2674, Honolulu - 7731, Saint Vincent and the Grenadines",6/22/2018,593,Delivered
594,"Ms. Agnes Swift, Aspen 3728, Cincinnati - 8756, Andorra",8/13/2007,594,Dispatched
595,"Mr. Ryan Parker, Sheringham   9, Garland - 1685, Sweden",11/3/2006,595,Shipped
596,"Miss Holly Whatson, Fieldstone 7935, Oakland - 3006, Slovakia",1/9/2012,596,Pending
597,"Mr. Erick Lomax, Oxford 6930, Bridgeport - 6773, Austria",11/11/2015,597,In process
598,"Mr. Enoch Partridge, Ayres   9643, Dallas - 4515, Macedonia",6/16/2006,598,Delivered
599,"Ms. Ciara Durrant, Yorkshire  9289, Pittsburgh - 6200, Kazakhstan",2/26/2008,599,Dispatched
600,"Miss Anabel Hunter, Bective  364, Laredo - 5427, Uganda",10/25/2001,600,Shipped
601,"Mr. Jack Wallace, Fairfield  4015, Dallas - 1201, Ecuador",7/4/2019,601,Pending
602,"Mrs. Catherine Hammond, Bacon  2, Stockton - 3756, Paraguay",8/16/2001,602,In process
603,"Ms. Tara Farmer, Camdenhurst   8700, Jacksonville - 0203, Ethiopia",5/2/2017,603,Delivered
604,"Mr. Alan Vane, Aberavon  384, Nashville - 1208, Mozambique",9/29/2013,604,Dispatched
605,"Mrs. Mya Mitchell, Chesterfield  1154, Orlando - 6551, Iran",10/29/2013,605,Shipped
606,"Mr. Erick Lloyd, Clere  9025, Los Angeles - 5717, Armenia",3/28/2020,606,Pending
607,"Miss Phoebe Cattell, Ernest  9082, Los Angeles - 8441, Korea, North",11/9/2017,607,In process
608,"Miss Jackeline Denton, Bective  478, Santa Ana - 4710, The Bahamas",5/30/2006,608,Delivered
609,"Miss Destiny Thorne, Armory  3023, Honolulu - 0574, Turkmenistan",7/20/2016,609,Dispatched
610,"Mr. Doug Glass, Ellerslie 214, Omaha - 8174, Syria",7/20/2018,610,Shipped
611,"Mrs. Zoe Varndell, Chestnut Rise 8251, Fort Lauderdale - 1076, Switzerland",9/9/2010,611,Pending
612,"Mr. Doug Osmond, Bell    6864, Saint Paul - 2155, Kuwait",1/29/2017,612,In process
613,"Ms. Florence Pratt, Walnut 5524, Santa Ana - 6670, Canada",10/28/2005,613,Delivered
614,"Ms. Maya Rose, Meadow 2031, Washington - 0760, Senegal",9/9/2004,614,Dispatched
615,"Mr. Kieth Woods, Cato   4280, Hollywood - 7117, Argentina",11/22/2012,615,Shipped
616,"Mr. Cedrick Vernon, Coalecroft  2541, Rochester - 8624, Panama",6/24/2010,616,Pending
617,"Ms. Isabel Widdows, Bocking   9749, Henderson - 5155, Bahrain",8/23/2008,617,In process
618,"Mrs. Sloane Pierce, Boldero   5820, Bridgeport - 4105, India",1/21/2020,618,Delivered
619,"Mr. Julian Neal, Becher  341, Innsbruck - 2025, Ghana",7/17/2012,619,Dispatched
620,"Ms. Belinda Robertson, Cliff  4543, Tallahassee - 8387, Liechtenstein",9/14/2006,620,Shipped
621,"Mr. Johnny Redwood, Lincoln 8444, Milano - 6100, Fiji",8/9/2020,621,Pending
622,"Miss Dorothy Miller, Fair 2431, Wien - 2862, Norway",11/21/2004,622,In process
623,"Miss Rosalyn Wilson, Apsley    3545, Valetta - 8408, Moldova",5/14/2008,623,Delivered
624,"Mr. Rocco James, Thomas Doyle   7594, Boston - 0501, Madagascar",5/9/2012,624,Dispatched
625,"Mr. Clint Tailor, Thorndike   9547, Toledo - 1423, Papua New Guinea",3/14/2005,625,Shipped
626,"Mr. Anthony Brown, Adams  5731, Fayetteville - 6532, Czech Republic",7/31/2003,626,Pending
627,"Miss Bree Whittle, Aspen 8485, Lyon - 0657, Philippines",11/27/2006,627,In process
628,"Mr. Kurt Slater, Bayberry 1405, Jersey City - 4064, El Salvador",1/29/2013,628,Delivered
629,"Mr. Tom Summers, Balfe   5419, Quebec - 8775, Croatia",7/20/2014,629,Dispatched
630,"Miss Vera Heaton, Catherine  6102, Oklahoma City - 3432, Malta",4/13/2007,630,Shipped
631,"Mr. Rocco Stubbs, Bicknell  2602, Albuquerque - 6478, Bolivia",9/26/2010,631,Pending
632,"Mr. Nathan Forester, Fairbairn  3047, Anaheim - 1740, Congo, Republic of the",5/10/2006,632,In process
633,"Mr. Kurt Edwards, Carnegie   4894, Stockton - 3572, Antigua and Barbuda",12/2/2012,633,Delivered
634,"Mrs. Ilona Kennedy, Caldwell   7127, Bridgeport - 2550, San Marino",1/29/2004,634,Dispatched
635,"Ms. Janice Russel, Blore  2883, Milwaukee - 7401, El Salvador",8/5/2000,635,Shipped
636,"Mr. Barry Harrison, Anns  8136, Rochester - 5448, Kuwait",11/30/2008,636,Pending
637,"Mr. Manuel Hammond, English   5456, Omaha - 3572, South Africa",4/19/2012,637,In process
638,"Mr. Ryan Bowen, Camley   7242, Milwaukee - 4057, Chad",3/3/2008,638,Delivered
639,"Mr. Phillip Mcnally, Dunton  1726, Murfreesboro - 1771, Bangladesh",2/24/2011,639,Dispatched
640,"Mr. Chuck Robinson, Blackwall  4262, Henderson - 5733, Ethiopia",7/2/2015,640,Shipped
641,"Mr. Joseph Baldwin, Thomas  1042, New Orleans - 7447, Argentina",7/24/2012,641,Pending
642,"Miss Dalia Townend, King 34, Escondido - 3603, Zimbabwe",8/21/2015,642,In process
643,"Mrs. Daphne Broomfield, Aspen 3263, Charlotte - 1218, Saint Lucia",8/24/2011,643,Delivered
644,"Mr. John Coll, Bingham   3241, Miami - 3330, East Timor (Timor-Leste)",1/11/2016,644,Dispatched
645,"Mr. Chadwick Robe, East 1203, San Diego - 2813, Bulgaria",1/20/2002,645,Shipped
646,"Miss Jane Maxwell, Durnford  5424, Paris - 5164, Cyprus",6/15/2006,646,Pending
647,"Mr. Mike Nash, Andsell    400, Wien - 2407, Dominican Republic",3/25/2019,647,In process
648,"Mr. Kieth Baxter, Union  3659, Madison - 4767, Belize",2/11/2014,648,Delivered
649,"Mrs. Hannah Nurton, Bedford  3016, Madrid - 8852, Mongolia",4/8/2014,649,Dispatched
650,"Mrs. Zoe Yard, North 5627, Atlanta - 6526, Uzbekistan",1/4/2004,650,Shipped
651,"Miss Danielle Brown, Cockspur  2632, Long Beach - 1607, Estonia",5/6/2002,651,Pending
652,"Ms. Miley Watson, Cloth  7905, Tokyo - 2814, Armenia",9/18/2011,652,In process
653,"Mr. Nicholas Coll, Eaglet  2260, Quebec - 1173, Latvia",4/7/2014,653,Delivered
654,"Mrs. Adina Jobson, Colombo   3885, Valetta - 2724, New Zealand",1/12/2017,654,Dispatched
655,"Mrs. Melanie Palmer, Cephas  64, Quebec - 7170, Antigua and Barbuda",12/25/2007,655,Shipped
656,"Mr. Anthony Preston, Dunsley  7616, Venice - 5300, Belarus",7/30/2015,656,Pending
657,"Mr. Harry Hall, Caslon   2880, Oakland - 3566, Senegal",9/24/2006,657,In process
658,"Mr. Kurt Norris, Kinglake  6996, Wien - 4427, Nauru",3/15/2020,658,Delivered
659,"Mr. Eduardo Milner, Castile  4165, Madison - 3242, Honduras",9/6/2020,659,Dispatched
660,"Mr. William Fox, West 5232, Paris - 4205, Afghanistan",11/23/2008,660,Shipped
661,"Mr. Tyler Hobbs, East 8174, Henderson - 2645, Tonga",8/13/2008,661,Pending
662,"Miss Eden Mason, Clavell   5533, San Bernardino - 8637, Solomon Islands",2/1/2016,662,In process
663,"Mr. Benjamin Broomfield, Camdale  8575, Lakewood - 3267, Jamaica",1/28/2019,663,Delivered
664,"Mrs. Carmella Warden, Marischal  8540, Laredo - 0206, Mali",4/6/2000,664,Dispatched
665,"Mr. Nate King, Garfield 7185, Hayward - 0713, China",5/24/2014,665,Shipped
666,"Mr. Matt Attwood, Birkbeck  1734, San Bernardino - 2645, Mauritius",10/31/2002,666,Pending
667,"Ms. Stephanie Stark, Durnford  6105, St. Louis - 6658, Azerbaijan",8/30/2010,667,In process
668,"Mr. Oliver Flynn, Geary   2635, Anaheim - 3406, Laos",4/24/2003,668,Delivered
669,"Miss Darlene Wellington, Balfour    4966, Columbus - 6025, Panama",11/28/2004,669,Dispatched
670,"Mr. Leroy Gibson, Charnwood   6626, Bucharest - 8330, Argentina",6/29/2017,670,Shipped
671,"Mr. Bryon Evans, Walnut 7549, Hollywood - 4185, Yemen",12/1/2013,671,Pending
672,"Miss Joy Watt, East 5442, Berna - 1632, Vatican City",7/30/2008,672,In process
673,"Mr. Doug Harrington, Bletchley   9614, Bridgeport - 3762, Tonga",6/25/2000,673,Delivered
674,"Ms. Candice Terry, Yoakley 2510, Hayward - 0610, Sri Lanka",12/22/2010,674,Dispatched
675,"Mr. Johnathan Nicholls, Dunsley  156, Oklahoma City - 3014, Senegal",11/10/2005,675,Shipped
676,"Mr. Henry Reynolds, Coalecroft  7345, Innsbruck - 3573, Azerbaijan",3/23/2019,676,Pending
677,"Mr. Chadwick Moran, Callcott   732, Madrid - 2640, Kuwait",2/10/2015,677,In process
678,"Miss Emma Vernon, Queen 9451, Valetta - 3024, Antigua and Barbuda",12/14/2011,678,Delivered
679,"Mr. Daniel Harper, Fawn 4233, Denver - 0373, Kiribati",9/21/2014,679,Dispatched
680,"Mr. Brad Cobb, Paris   1309, Lancaster - 6006, Gabon",5/8/2011,680,Shipped
681,"Mr. Julius Gavin, Bel   3, Wien - 4782, Greece",4/1/2011,681,Pending
682,"Ms. Sage Potts, Howard 5092, Moreno Valley - 1616, Uruguay",3/23/2014,682,In process
683,"Mr. Denis Herbert, Walnut 3150, Tokyo - 0661, Ireland",8/27/2017,683,Delivered
684,"Miss Rhea Woodley, Eaglet  8803, San Jose - 4745, Maldives",10/31/2004,684,Dispatched
685,"Mr. Benjamin Stark, Unwin  5176, Kansas City - 2000, Korea, South",3/24/2007,685,Shipped
686,"Ms. Sonya Vallory, Argyle  821, Stockton - 2522, Malawi",3/4/2014,686,Pending
687,"Mr. Lucas Stewart, Baylis  5909, Philadelphia - 7672, USA",4/5/2016,687,In process
688,"Miss Bernadette Noach, Bede  1270, Huntsville - 2830, Mongolia",6/7/2004,688,Delivered
689,"Miss Sabina Rogers, Fair 5671, Dallas - 4338, Afghanistan",1/6/2016,689,Dispatched
690,"Mr. Cedrick Daniells, Chancellor  8106, Milwaukee - 7807, Congo, Republic of the",4/25/2012,690,Shipped
691,"Ms. Jenna Kelly, Fawn 6740, Long Beach - 5155, Estonia",3/6/2004,691,Pending
692,"Mrs. Elisabeth Dubois, Capeners  6845, San Francisco - 4755, Tonga",1/18/2016,692,In process
693,"Ms. Lorraine Olivier, Durnford  5369, Reno - 4027, Albania",11/5/2003,693,Delivered
694,"Miss Brooklyn Quinton, Blenkarne  8615, San Jose - 4621, Andorra",3/30/2001,694,Dispatched
695,"Miss Aeris Camden, Cingworth  9211, Madison - 3776, East Timor (Timor-Leste)",7/25/2018,695,Shipped
696,"Ms. Candice Harper, Bigland  8281, Fremont - 7787, Singapore",10/6/2008,696,Pending
697,"Mr. Chad Carter, Cavaye  6783, Dallas - 5441, Kyrgyzstan",8/16/2003,697,In process
698,"Mr. Elijah Raven, Church 163, Miami - 8120, Venezuela",3/26/2001,698,Delivered
699,"Mrs. Cassidy Drew, Betton  8464, Rome - 2323, Jamaica",12/15/2012,699,Dispatched
700,"Mr. Tony Dallas, King Edward  3751, Jersey City - 3042, Congo, Republic of the",6/14/2013,700,Shipped
701,"Mr. William Powell, Beaconsfield  2119, El Paso - 1885, Philippines",10/25/2013,701,Pending
702,"Mrs. Amy Graham, Fieldstone 445, Las Vegas - 0203, Azerbaijan",12/29/2010,702,In process
703,"Ms. Sofia Notman, Oxford 35, Oklahoma City - 0308, Sudan",2/23/2016,703,Delivered
704,"Mrs. Ciara Hardwick, Caslon   7493, El Paso - 4884, Estonia",1/23/2017,704,Dispatched
705,"Miss Mabel Fulton, Coalecroft  5935, Jacksonville - 4063, Morocco",1/30/2002,705,Shipped
706,"Mr. Ramon Ross, Coleman  6052, Hollywood - 0316, Guinea-Bissau",4/6/2011,706,Pending
707,"Mrs. Gwen Clark, Paris   3546, Madison - 5578, Bosnia and Herzegovina",9/2/2006,707,In process
708,"Mr. Clint Wigley, Sundown 4770, Huntsville - 5770, Oman",3/3/2017,708,Delivered
709,"Mr. Alexander Bradshaw, Apothecary   2886, Huntsville - 8034, Kazakhstan",5/10/2013,709,Dispatched
710,"Mr. Jack Knight, Oxford 9378, Bucharest - 8641, Mozambique",6/6/2006,710,Shipped
711,"Mr. Benjamin Morgan, Caslon   9921, Milwaukee - 3842, Lesotho",3/31/2020,711,Pending
712,"Mrs. Juliette Todd, Sheffield 2875, Jersey City - 4686, Estonia",7/30/2002,712,In process
713,"Mrs. Eve Allington, Baltic  1110, El Paso - 6387, Uruguay",4/9/2014,713,Delivered
714,"Mr. Rick Morrison, Carol   3530, Detroit - 4207, Latvia",6/11/2005,714,Dispatched
715,"Mrs. Sydney John, Sheffield 9295, Pittsburgh - 0460, Andorra",12/20/2009,715,Shipped
716,"Mr. Nicholas Clayton, Vine  6914, Bucharest - 1526, Andorra",9/30/2005,716,Pending
717,"Mr. Danny Jennson, Ben   4736, Hayward - 5444, Djibouti",4/1/2005,717,In process
718,"Miss Nicole Oatway, Blandford  4207, Tallahassee - 1447, Zimbabwe",5/18/2003,718,Delivered
719,"Miss Shannon Parsons, Caxton  6500, Denver - 4463, Lithuania",11/20/2003,719,Dispatched
720,"Mr. Doug King, Dutton   5976, Tallahassee - 2646, Liberia",9/2/2013,720,Shipped
721,"Mr. Hayden Wigley, Garfield 5754, Cincinnati - 5543, Central African Republic",6/28/2001,721,Pending
722,"Miss Stella Lindsay, St. Johs  3027, Orlando - 5626, New Zealand",1/11/2019,722,In process
723,"Ms. Lexi Miller, Coborn  6665, Hayward - 6337, Kazakhstan",1/16/2005,723,Delivered
724,"Mr. Harvey Calderwood, Caldwell   3719, Milano - 3425, Bulgaria",6/13/2018,724,Dispatched
725,"Mr. Manuel Holmes, King 8447, Atlanta - 8026, Central African Republic",8/27/2008,725,Shipped
726,"Mr. Tom Eddison, Callcott   198, San Francisco - 8775, Ireland",11/27/2000,726,Pending
727,"Mr. Ramon Egerton, Ashley 4305, San Francisco - 5687, Vatican City",6/14/2014,727,In process
728,"Mr. Cedrick Fleming, Belgrave  9293, New York - 5088, Montenegro",8/22/2004,728,Delivered
729,"Mrs. Taylor Franks, Kimberley  5233, Tallahassee - 5820, India",5/18/2004,729,Dispatched
730,"Miss Nicole Cobb, Chambers  1996, Cincinnati - 7137, Vatican City",4/24/2010,730,Shipped
731,"Mr. Daniel Bloom, Bective  6281, Jacksonville - 3726, Macedonia",8/11/2018,731,Pending
732,"Mrs. Leanne Ainsworth, Battis   8898, Fort Lauderdale - 2752, Comoros",7/25/2014,732,In process
733,"Ms. Aileen Williams, Sherlock   1451, New Orleans - 1151, Burkina Faso",11/13/2009,733,Delivered
734,"Mr. Phillip Yarlett, Shepherds  1546, Jersey City - 1461, Vatican City",12/22/2007,734,Dispatched
735,"Miss Alexia Lambert, Apsley    8458, Berlin - 4820, Botswana",12/31/2014,735,Shipped
736,"Mr. Peter Chapman, Cam  870, Henderson - 6778, Sudan",7/13/2019,736,Pending
737,"Mr. Benny Butler, Beechen  802, Valetta - 1811, Slovenia",7/2/2001,737,In process
738,"Miss Cynthia Robinson, Carol   7672, Columbus - 0740, Venezuela",1/30/2018,738,Delivered
739,"Ms. Bristol Gordon, South 2291, Los Angeles - 5528, Botswana",4/17/2020,739,Dispatched
740,"Miss Cassidy Wilson, Cavendish 3975, Henderson - 1646, Norway",10/14/2000,740,Shipped
741,"Mrs. Greta Cartwright, Chantry   267, Arlington - 6207, Solomon Islands",7/14/2016,741,Pending
742,"Ms. Catherine Jacobs, Bliss  6758, Boston - 0006, Bhutan",6/29/2010,742,In process
743,"Mr. Phillip Morgan, West 7413, Portland - 3576, Trinidad and Tobago",10/30/2011,743,Delivered
744,"Mrs. Hadley Knight, Betton  3035, Miami - 7187, Grenada",6/26/2006,744,Dispatched
745,"Mr. Rufus Graves, Bicknell  5191, St. Louis - 0423, Maldives",1/20/2000,745,Shipped
746,"Mrs. Stella Rowe, English   8405, Milano - 6073, Kiribati",4/4/2018,746,Pending
747,"Ms. Candace Stubbs, Bell    1531, Orlando - 7311, Marshall Islands",4/25/2018,747,In process
748,"Mrs. Sharon Broomfield, Lincoln 3229, Lisbon - 6171, Syria",6/30/2002,748,Delivered
749,"Mr. Chris Vollans, Cliff  5517, Tallahassee - 4804, Croatia",3/27/2013,749,Dispatched
750,"Ms. Rowan Hill, Becklow  2076, Los Angeles - 2017, Romania",5/23/2000,750,Shipped
751,"Miss Sharon Rodwell, Chart   9482, Berna - 7167, Grenada",10/12/2016,751,Pending
752,"Mr. Tom Steer, Cliff  7950, Houston - 0016, Czech Republic",9/7/2015,752,In process
753,"Mr. Chris Morgan, Woodland 6822, Venice - 0551, Venezuela",7/16/2007,753,Delivered
754,"Mr. John Paterson, Walnut 6589, Hollywood - 1810, Portugal",11/7/2003,754,Dispatched
755,"Mrs. Amelia Martin, Black Friars   1277, Memphis - 3374, Benin",1/22/2012,755,Shipped
756,"Mr. Julius Nurton, Paris   8010, Charlotte - 6530, Laos",2/27/2012,756,Pending
757,"Mr. Enoch Chester, Glenwood 3292, Minneapolis - 8482, Sudan, South",10/2/2002,757,In process
758,"Miss Moira Cartwright, Gavel   556, Oklahoma City - 4375, Sierra Leone",4/7/2002,758,Delivered
759,"Mrs. Madison Purvis, Lincoln 6570, Santa Ana - 2865, Brazil",4/25/2011,759,Dispatched
760,"Mr. David Fleming, Parkfields 9739, Berlin - 4425, Tajikistan",9/27/2015,760,Shipped
761,"Ms. Adelaide Robertson, Sherwood  9776, Arlington - 7168, Nigeria",9/19/2009,761,Pending
762,"Mrs. Ellen Lewis, Cleveland  1349, Amarillo - 0620, Jordan",12/10/2001,762,In process
763,"Mr. Logan Bright, Enford   369, Hollywood - 7424, Haiti",11/25/2020,763,Delivered
764,"Mr. Hank Barrett, Hammersmith  5517, Washington - 0167, Sudan, South",11/27/2018,764,Dispatched
765,"Mrs. Tara Vallory, Oxford 4906, Phoenix - 2516, Iraq",2/13/2014,765,Shipped
766,"Mr. Wade Kennedy, Arlington  4381, Santa Ana - 3342, Saint Lucia",3/30/2005,766,Pending
767,"Mr. Barry Wilton, Linden 3208, Saint Paul - 8683, Haiti",10/23/2016,767,In process
768,"Miss Sadie Cooper, Ayres   450, Houston - 7702, Uruguay",11/30/2004,768,Delivered
769,"Miss Melanie Spencer, Babmaes    6259, Moreno Valley - 8620, Saint Kitts and Nevis",11/5/2020,769,Dispatched
770,"Mr. Elijah Sinclair, Edwin   3451, Chicago - 3735, Honduras",3/19/2001,770,Shipped
771,"Ms. Rebecca Roth, Clarks  2799, London - 0847, Singapore",7/14/2020,771,Pending
772,"Mr. Tyson Wright, Geary   5094, New Orleans - 7332, Congo, Republic of the",12/3/2000,772,In process
773,"Ms. Aisha Callan, Arctic   5674, Boston - 8114, Argentina",4/4/2010,773,Delivered
774,"Ms. Shelby Bennett, Charterhouse  319, Innsbruck - 3435, Belarus",6/25/2000,774,Dispatched
775,"Mr. Chris Larkin, Fieldstone 8574, Long Beach - 8543, Haiti",4/3/2020,775,Shipped
776,"Miss Hadley Uddin, Betton  6490, Laredo - 5883, Samoa",1/30/2020,776,Pending
777,"Ms. Madelyn Gavin, Falconberg   6448, Lincoln - 7774, India",6/27/2012,777,In process
778,"Mrs. Madison Farmer, Buttonwood 556, Jacksonville - 0877, Mauritius",7/30/2009,778,Delivered
779,"Mr. Alan Daniells, Castlereagh   104, Toledo - 3831, Austria",12/27/2001,779,Dispatched
780,"Mr. Alexander Russel, Glenwood 8376, Zurich - 1243, USA",7/14/2017,780,Shipped
781,"Mr. Domenic Dempsey, Walnut 4835, Worcester - 8430, Indonesia",3/7/2019,781,Pending
782,"Mr. Danny Jackson, Linda   6368, Atlanta - 7305, Guinea-Bissau",2/14/2012,782,In process
783,"Mr. Gabriel Wallace, Collent   1593, Saint Paul - 0577, Suriname",3/16/2015,783,Delivered
784,"Mr. Carl Gilbert, Antrobus   137, New Orleans - 2753, Papua New Guinea",11/9/2017,784,Dispatched
785,"Miss Candace Shelton, College  2151, Ontario - 6056, Namibia",5/25/2017,785,Shipped
786,"Mr. Harry Bishop, Church 3405, Wien - 0377, Guatemala",3/1/2015,786,Pending
787,"Mrs. Shannon Gunn, St. Johs  2004, San Diego - 3431, Russia",2/24/2005,787,In process
788,"Mrs. Liliana Olivier, Bacton   4091, Chicago - 4876, Cuba",11/5/2006,788,Delivered
789,"Mr. Nicholas Ripley, Erindale 3166, Berna - 5523, Senegal",3/7/2004,789,Dispatched
790,"Ms. Danielle Emmott, Parkfield  5916, Nashville - 0787, Nauru",1/25/2011,790,Shipped
791,"Mr. Tyler Uttridge, Walnut 9221, Lyon - 1888, Kazakhstan",9/13/2020,791,Pending
792,"Mr. Martin Ellery, Emily  7130, Indianapolis - 7215, Hungary",8/2/2009,792,In process
793,"Miss Cara Noach, Sheffield 1879, Jersey City - 4132, Senegal",1/24/2013,793,Delivered
794,"Mrs. Sara Robertson, Bennett  8989, Escondido - 6622, Guinea",12/17/2006,794,Dispatched
795,"Mr. Chadwick Varndell, Becklow  2984, Prague - 7618, Mali",11/12/2008,795,Shipped
796,"Mrs. Elle Oatway, King 6339, Escondido - 2442, United Kingdom",7/7/2018,796,Pending
797,"Mr. Matthew Samuel, Apothecary   9430, Kansas City - 3786, Burkina Faso",2/13/2020,797,In process
798,"Miss Bernadette Vallory, Belgrave  8432, Garland - 1405, Romania",5/10/2001,798,Delivered
799,"Ms. Jocelyn Simmons, Bell    3700, Albuquerque - 1350, Georgia",12/15/2018,799,Dispatched
800,"Mrs. Elisabeth Mcnally, Gavel   4504, Atlanta - 7652, Angola",6/26/2006,800,Shipped
801,"Mr. Julian Lane, Byland  8498, Houston - 6482, Peru",11/10/2015,801,Pending
802,"Mrs. Margot Bailey, Clarks  7710, Cincinnati - 4536, Chad",8/2/2001,802,In process
803,"Mr. Carl Sheldon, Amwell    4755, Hollywood - 3555, The Gambia",9/1/2003,803,Delivered
804,"Mr. Rick Sloan, Fairbairn  6180, Laredo - 1212, Niger",1/20/2003,804,Dispatched
805,"Mr. Bob Quinton, Lexington 3823, Salt Lake City - 1461, Laos",3/19/2002,805,Shipped
806,"Ms. Maia Upsdell, Babmaes    156, Cincinnati - 5485, Brunei",10/9/2003,806,Pending
807,"Mr. Doug Mcleod, Waite  361, Springfield - 8232, The Gambia",3/17/2010,807,In process
808,"Mr. Aiden Shea, Church 8801, Nashville - 0084, Central African Republic",8/13/2016,808,Delivered
809,"Mr. Johnathan Murray, Glenwood 9406, Pittsburgh - 2624, Kiribati",5/6/2014,809,Dispatched
810,"Mr. Manuel Osman, Tilson  2514, Springfield - 0683, Mauritius",3/3/2011,810,Shipped
811,"Ms. Michelle Baldwin, Edwin   506, Huntsville - 7621, Laos",1/3/2008,811,Pending
812,"Mr. Daron Whatson, Hickory   2890, Anaheim - 2252, Libya",2/21/2011,812,In process
813,"Mr. Caleb Paterson, Byland  3939, Paris - 7080, Russia",5/26/2001,813,Delivered
814,"Ms. Claire Farmer, Elia   2968, Albuquerque - 0313, Albania",3/4/2016,814,Dispatched
815,"Mr. Russel Wright, Monroe 7164, Laredo - 3247, Luxembourg",12/8/2005,815,Shipped
816,"Miss Adela Rixon, Caxton  6853, Oklahoma City - 8442, East Timor (Timor-Leste)",6/28/2020,816,Pending
817,"Miss Greta Shepherd, Bletchley   9958, Berna - 7706, Taiwan",5/20/2010,817,In process
818,"Miss Fiona Wilcox, Woodland 8644, Madrid - 7151, Marshall Islands",5/12/2009,818,Delivered
819,"Miss Iris Hancock, Meadow 8604, Salem - 8445, Estonia",1/16/2020,819,Dispatched
820,"Ms. Aleksandra Blythe, Fawn 1880, Ontario - 7211, Malaysia",8/28/2016,820,Shipped
821,"Mr. Chuck Neal, Castlereagh   1830, Lisbon - 1522, Germany",10/24/2005,821,Pending
822,"Mrs. Shelby Redden, Epworth  2935, Scottsdale - 2712, Georgia",2/27/2014,822,In process
823,"Mr. Chester Abbey, King 7863, Laredo - 4074, Papua New Guinea",11/24/2017,823,Delivered
824,"Mr. Logan Thomas, Canon 9353, Berna - 3767, Belize",3/20/2018,824,Dispatched
825,"Mr. Maxwell Avery, Walnut 3015, Wien - 3123, Burundi",2/17/2017,825,Shipped
826,"Mrs. Belinda Sherry, Wadham  7106, Arlington - 1466, Slovenia",9/5/2020,826,Pending
827,"Mr. Chadwick Chadwick, Arundel   1478, Zurich - 8812, Qatar",2/21/2011,827,In process
828,"Mr. Cedrick Swan, Ernest  8079, Garland - 3588, Belgium",7/6/2011,828,Delivered
829,"Mr. Carter Addison, Arline    4248, New Orleans - 4175, Hungary",11/5/2008,829,Dispatched
830,"Mr. Hank Dunbar, Thrale   3126, Las Vegas - 5084, The Bahamas",5/3/2005,830,Shipped
831,"Mr. Jayden Craig, Garfield 590, Fullerton - 7130, Guyana",4/21/2003,831,Pending
832,"Mrs. Alice Young, Beechen  1321, Baltimore - 3324, Brazil",4/24/2020,832,In process
833,"Ms. Michaela Jackson, Dutton   4657, Salem - 1030, Suriname",10/3/2004,833,Delivered
834,"Mr. Wade Davies, Bales  9084, Detroit - 6887, Congo, Republic of the",8/2/2011,834,Dispatched
835,"Mrs. Bryce Ingram, Calverley  3045, Salem - 7223, Algeria",4/7/2001,835,Shipped
836,"Mr. Abdul Rehman, Balfour    4887, Jersey City - 4416, Egypt",10/15/2012,836,Pending
837,"Miss Cara Snell, Lincoln 6340, Sacramento - 6834, Mauritania",4/27/2010,837,In process
838,"Mr. Ronald Weatcroft, Union  554, Berna - 6223, The Bahamas",6/19/2012,838,Delivered
839,"Mr. Michael Gilbert, Blackwall  4775, Pittsburgh - 1407, Liberia",7/1/2000,839,Dispatched
840,"Mr. Jayden Penn, Chapel  1215, Orlando - 4342, Barbados",2/1/2006,840,Shipped
841,"Mrs. Daphne Beal, Camberwell  4207, Paris - 2478, Burundi",5/9/2005,841,Pending
842,"Mr. Doug Knott, Armory  8586, New Orleans - 5006, Uganda",5/12/2003,842,In process
843,"Mr. Leroy Edmonds, Garfield 841, Tulsa - 1087, Bangladesh",7/23/2002,843,Delivered
844,"Ms. Cassidy Walter, Coal Wharf  7193, Bucharest - 2048, Botswana",7/22/2013,844,Dispatched
845,"Mr. Domenic Wigley, Cecilia  1939, Detroit - 0073, Kiribati",6/16/2000,845,Shipped
846,"Mr. Gabriel Tanner, Abbotswell  2271, Rochester - 2884, Belgium",9/15/2003,846,Pending
847,"Mr. Julius Thompson, Linda   9440, Tulsa - 5435, Ecuador",9/22/2007,847,In process
848,"Mr. Denny Graves, Calshot   3166, Bakersfield - 5413, Uganda",8/22/2015,848,Delivered
849,"Miss Charlotte Bingham, Geffrye   581, Jersey City - 7733, Cuba",5/20/2012,849,Dispatched
850,"Mr. Martin Tennant, Howard 2759, Zurich - 4108, Bangladesh",8/19/2012,850,Shipped
851,"Mr. Bart Weldon, Maple 5026, Jacksonville - 8643, Mauritania",4/18/2019,851,Pending
852,"Mr. David Janes, Hickory   6929, Fremont - 0255, Guyana",6/7/2001,852,In process
853,"Mr. George Parker, Camera  1788, Portland - 1564, The Bahamas",11/1/2018,853,Delivered
854,"Mrs. Emery Wright, Caldwell   5204, Irving - 7303, Croatia",4/22/2019,854,Dispatched
855,"Ms. Alma Larkin, Bolton  4372, Portland - 0676, Mali",3/25/2003,855,Shipped
856,"Mrs. Alessandra Weldon, Durnford  1472, New Orleans - 0462, Brazil",7/20/2016,856,Pending
857,"Mr. Nicholas Jackson, Dutton   7764, Fremont - 4423, Uzbekistan",8/7/2016,857,In process
858,"Mrs. Aisha Farrell, Bales  1762, Fremont - 0632, Nauru",4/3/2003,858,Delivered
859,"Mrs. Bernadette Fleming, Camden  4472, San Bernardino - 2761, Botswana",11/23/2014,859,Dispatched
860,"Mr. Denis Nanton, Egerton  8357, Glendale - 5818, Belgium",3/10/2010,860,Shipped
861,"Ms. Lucy Yard, Blue Anchor  181, Atlanta - 4505, Iran",5/26/2000,861,Pending
862,"Mrs. Teagan Seymour, Westcott  7, Denver - 6746, Turkey",12/15/2009,862,In process
863,"Mr. Wade Blackwall, Castlereagh   489, Milwaukee - 0435, Seychelles",5/10/2004,863,Delivered
864,"Mr. Russel Jefferson, Babmaes    2459, Tallahassee - 8033, Colombia",2/28/2006,864,Dispatched
865,"Mr. Hank Stone , Blenkarne  8529, Kansas City - 1445, Uganda",5/3/2007,865,Shipped
866,"Ms. Tess Brown, Becklow  8954, Bridgeport - 0324, Korea, North",2/2/2014,866,Pending
867,"Mr. Denis Donnelly, St. Jamess  2649, Paris - 8823, Peru",3/22/2013,867,In process
868,"Mr. Domenic Walsh, Thomas More   6071, Sacramento - 2008, Monaco",9/21/2007,868,Delivered
869,"Mr. Chad Carter, Canon 272, San Francisco - 5164, New Zealand",1/12/2011,869,Dispatched
870,"Mrs. Claire Lucas, Coalecroft  8073, Washington - 6544, India",6/23/2006,870,Shipped
871,"Mrs. Rhea Russell, Calvin   4598, Cincinnati - 7477, Belize",5/2/2002,871,Pending
872,"Ms. Sonya Broomfield, Andrews  6746, Minneapolis - 8664, Burkina Faso",5/26/2011,872,In process
873,"Mr. George Cartwright, Apollo  8763, Venice - 2762, Luxembourg",3/18/2019,873,Delivered
874,"Ms. Havana Swan, Rosewood 7757, Columbus - 1217, Lesotho",3/8/2019,874,Dispatched
875,"Ms. Alessia Reid, Victoria  8942, Seattle - 6080, Uzbekistan",1/5/2009,875,Shipped
876,"Mr. Kieth Brooks, Falconberg   9613, Lakewood - 2835, Kosovo",1/7/2000,876,Pending
877,"Mr. William Cartwright, King Edward  431, Pittsburgh - 7862, Sri Lanka",2/22/2015,877,In process
878,"Miss Ciara Parker, Cloth  299, Long Beach - 5116, Korea, North",8/25/2005,878,Delivered
879,"Ms. Adalind Hill, Betton  682, Columbus - 8412, Azerbaijan",11/22/2014,879,Dispatched
880,"Mr. Lucas Lindsay, Lincoln 6117, Jacksonville - 3636, Canada",7/6/2006,880,Shipped
881,"Mr. Domenic Thomas, Dyott   3630, San Antonio - 1332, Estonia",10/14/2015,881,Pending
882,"Miss Mya Miller, Belgrave  6803, Salt Lake City - 0486, Iraq",4/9/2006,882,In process
883,"Ms. Zara Needham, Dunstans  1312, Indianapolis - 1226, Lithuania",1/6/2008,883,Delivered
884,"Mrs. Goldie Russell, Liverpool  3805, Glendale - 2638, Hungary",7/31/2013,884,Dispatched
885,"Ms. Alexa Burnley, Thomas Doyle   9944, Detroit - 3247, Egypt",3/9/2020,885,Shipped
886,"Mr. Julian Savage, Cheney  626, Madison - 2281, Palau",9/4/2003,886,Pending
887,"Miss Monica Walsh, Calderwood   9659, Otawa - 5512, Saint Vincent and the Grenadines",5/31/2010,887,In process
888,"Mrs. Francesca Robertson, Fairbairn  173, Richmond - 5583, Kiribati",4/25/2017,888,Delivered
889,"Ms. Cynthia Shaw, Mariner   3617, Philadelphia - 2411, Israel",11/1/2015,889,Dispatched
890,"Mr. Nate Baxter, Duthie   695, Las Vegas - 3555, Uzbekistan",2/26/2011,890,Shipped
891,"Miss Sharon Richards, Rivervalley 1241, Reno - 3410, Cameroon",3/26/2017,891,Pending
892,"Mr. Elijah Rees, Boadicea   4555, Paris - 7124, Oman",1/23/2015,892,In process
893,"Mr. Rick Jobson, Arlington  3598, Indianapolis - 5782, Colombia",5/24/2000,893,Delivered
894,"Ms. Ruby Fenton, Dunton  4938, Indianapolis - 4532, Sierra Leone",2/21/2012,894,Dispatched
895,"Mr. Wade Giles, Becher  8938, Kansas City - 7453, Russia",9/11/2003,895,Shipped
896,"Mr. Chad Chappell, Emden   1642, Tokyo - 8803, Malaysia",10/3/2002,896,Pending
897,"Miss Hannah Irving, Sheringham   806, Bakersfield - 7150, Qatar",6/12/2002,897,In process
898,"Mr. Henry Dowson, Coborn  2630, Oakland - 1325, Grenada",9/2/2010,898,Delivered
899,"Ms. Bridget Ainsworth, Birkin   2308, Prague - 5352, Malawi",4/9/2001,899,Dispatched
900,"Mr. Leroy Kennedy, Clifton  8813, Nashville - 0162, Nepal",12/20/2009,900,Shipped
901,"Mr. Jayden Gilmour, Chart   599, Scottsdale - 2546, China",1/10/2000,901,Pending
902,"Mr. Henry Stone, Balham   116, Arlington - 7600, Mongolia",6/25/2020,902,In process
903,"Mr. Barry Gallacher, Cecilia  7048, Fayetteville - 6180, Switzerland",9/17/2003,903,Delivered
904,"Miss Dani Healy, Yorkshire  5922, Milano - 7843, Ghana",11/14/2020,904,Dispatched
905,"Mr. John Overson, Ayres   3254, Orlando - 7535, Oman",5/6/2019,905,Shipped
906,"Mrs. Drew Noach, Cadogan  3639, Hollywood - 5037, Jamaica",4/16/2006,906,Pending
907,"Mrs. Skylar Welsch, Sheffield 6267, Denver - 2441, Mozambique",4/26/2020,907,In process
908,"Mrs. Mayleen Robertson, Ayres   2986, Fayetteville - 8563, India",12/11/2010,908,Delivered
909,"Mr. Michael Amstead, Bletchley   9852, Washington - 3344, Turkmenistan",3/7/2004,909,Dispatched
910,"Mr. Chad Whitmore, Carolina  2216, Murfreesboro - 3270, United Arab Emirates",1/7/2006,910,Shipped
911,"Mr. Hank Stevenson, Clissold  3672, New Orleans - 8121, Cambodia",2/28/2017,911,Pending
912,"Mr. Ryan Norton, Paris   7130, Irving - 3112, Kyrgyzstan",3/18/2019,912,Pending
913,"Mr. Gil Middleton, Abbey   3515, Ontario - 0345, Suriname",6/14/2001,913,Pending
914,"Miss Marigold Riley, Bellenden   1467, Phoenix - 2171, Israel",10/11/2002,914,Pending
915,"Mr. Tyler Harris, Blackall   4135, Madrid - 6441, Central African Republic",3/10/2003,915,Pending
916,"Mr. Nicholas Willson, Carlton  3653, Reno - 6361, Australia",10/8/2004,916,Pending
917,"Miss Cara Ralph, Ampton  8361, Orlando - 6212, Macedonia",7/3/2020,917,Pending
918,"Mr. Doug Edler, Bermondsey    7391, Paris - 7132, Central African Republic",12/12/2005,918,Pending
919,"Mr. Ryan Jarvis, Dunstable   1723, Huntsville - 6358, Slovenia",3/1/2001,919,Pending
920,"Mr. Abdul Welsch, Arundel   7165, Tulsa - 7538, Oman",2/20/2011,920,Pending
921,"Mrs. Scarlett Seymour, Empress  8178, Irving - 2617, Canada",8/26/2016,921,Pending
922,"Mr. Logan Cooper, Jackson 8202, Valetta - 7266, Namibia",2/19/2004,922,Pending
923,"Miss Ivy Walter, Enderby   5582, Amarillo - 6548, Pakistan",6/9/2018,923,Pending
924,"Mr. Bob Harrington, Collent   4274, Oakland - 8867, Australia",6/15/2001,924,Pending
925,"Mr. William Morrison, Sherlock   566, Springfield - 1473, Latvia",1/21/2018,925,Pending
926,"Mr. Wade Kennedy, Waite  1162, Seattle - 6166, Germany",1/12/2015,926,Pending
927,"Mr. Chadwick Nobbs, Cato   728, Los Angeles - 4035, Austria",7/21/2000,927,Pending
928,"Miss Erica Saunders, Norfolk  3189, Jacksonville - 7327, Ecuador",9/30/2006,928,Pending
929,"Mr. Chris Carson, Calderwood   7601, Lancaster - 5166, Czech Republic",12/16/2009,929,Pending
930,"Miss Ruby Tindall, Meadow 5190, Bellevue - 0247, Vietnam",11/20/2004,930,Pending
931,"Mr. Julian Antcliff, East 1886, Laredo - 0278, Sweden",2/24/2012,931,Pending
932,"Mr. Martin Gaynor, Caldwell   5870, New Orleans - 5435, Chile",7/3/2020,932,Pending
933,"Mr. Abdul Stanton, Balfour    3016, Milwaukee - 4634, Pakistan",6/2/2011,933,Pending
934,"Mr. Luke Roscoe, Commercial  7567, Washington - 3308, Moldova",9/7/2011,934,Pending
935,"Mr. Aiden Potter, Central  7853, Henderson - 2407, Italy",4/12/2001,935,Pending
936,"Mrs. Deborah Glynn, Sheffield 6629, Tokyo - 6432, Portugal",10/2/2007,936,Pending
937,"Mr. Denis Rycroft, Champion  7532, Hollywood - 3612, Cameroon",1/15/2020,937,Pending
938,"Miss Moira Truscott, Caxton  320, Rome - 7172, Mali",5/6/2011,938,Pending
939,"Mr. Doug Taylor, Cheltenham  7339, Murfreesboro - 0362, Malawi",4/14/2008,939,Pending
940,"Mr. Fred Cork, Bishop   8062, Moreno Valley - 2202, Thailand",11/17/2009,940,Pending
941,"Miss Martha Broomfield, Berriman  1220, Colorado Springs - 2186, Guyana",11/9/2014,941,Pending
942,"Mr. Daniel Long, Collent   2468, Garland - 3368, Pakistan",7/25/2010,942,Pending
943,"Mr. Josh Griffiths, Queen 8817, Tallahassee - 7244, Bosnia and Herzegovina",3/31/2001,943,Pending
944,"Mrs. Rosa Mason, Waite  3723, Saint Paul - 8514, Liberia",10/4/2003,944,Pending
945,"Mr. Denny Hunter, Hammersmith  9486, San Bernardino - 1501, Montenegro",1/31/2015,945,Pending
946,"Ms. Jules Wade, Bermondsey    422, Fort Lauderdale - 4387, Mexico",4/15/2008,946,Pending
947,"Mr. Mike Jeffery, Chamberlain  8086, Jersey City - 5558, Iceland",4/8/2005,947,Pending
948,"Mr. Javier Mcguire, Buttonwood 7102, Jacksonville - 2272, Dominica",1/23/2002,948,Pending
949,"Mr. Clint Davies, Rivervalley 6498, Otawa - 3703, Saint Vincent and the Grenadines",3/18/2001,949,Pending
950,"Mr. Denis Gunn, Betton  6165, Richmond - 0143, United Kingdom",8/30/2010,950,Pending
951,"Mr. Abdul Owen, Rail 4632, Milwaukee - 2861, Dominica",7/31/2006,951,Pending
952,"Mr. Cedrick Stevens, Geffrye   421, Bucharest - 6044, Paraguay",8/5/2006,952,Pending
953,"Miss Jaylene Neville, Chartham  2558, Arlington - 2357, Lithuania",10/31/2008,953,Pending
954,"Ms. Winnie Cattell, Spruce 8635, Albuquerque - 7208, Lesotho",3/8/2019,954,Pending
955,"Miss Maddison Tate, Beaumont  4313, Lincoln - 2852, Brunei",7/5/2004,955,Pending
956,"Miss Mary Marshall, Bingham   6081, New Orleans - 6644, Colombia",3/13/2007,956,Pending
957,"Ms. Rita Whitehouse, Monroe 2952, Arlington - 7833, Bosnia and Herzegovina",8/21/2011,957,Pending
958,"Mrs. Jazmin Emmett, Victoria Rise 6463, Philadelphia - 2336, Czech Republic",2/11/2019,958,Pending
959,"Ms. Eileen Kelly, Littlebury  8419, Henderson - 4672, Romania",7/3/2005,959,Pending
960,"Mr. George Nielson, Argyle  4147, Houston - 0370, El Salvador",6/21/2011,960,Pending
961,"Mrs. Juliet Mccormick, Hammersmith  6399, Washington - 7202, Zambia",10/5/2007,961,Pending
962,"Mrs. Harriet Lakey, Boldero   9958, Columbus - 7284, Macedonia",8/22/2015,962,Pending
963,"Ms. Piper Dallas, Hickory   6087, New Orleans - 2866, Suriname",7/29/2003,963,Pending
964,"Ms. Hanna Foxley, Sundown 2924, Charlotte - 3601, France",11/7/2002,964,Pending
965,"Ms. Candace Walsh, Virginia 673, London - 6046, Turkey",10/23/2004,965,Pending
966,"Mrs. Macy Irving, Argyle  100, Oklahoma City - 4141, Madagascar",3/10/2008,966,Pending
967,"Mrs. Laila Ross, Waite  4013, Boston - 7607, Australia",7/7/2012,967,Pending
968,"Miss Chelsea Gordon, Battersea   4762, Reno - 1420, Saint Vincent and the Grenadines",9/14/2018,968,Pending
969,"Ms. Celia Price, Antrobus   5352, Wien - 7337, Tuvalu",11/8/2003,969,Pending
970,"Miss Jocelyn Gordon, Chester  6924, Saint Paul - 1805, Ukraine",3/24/2006,970,Pending
971,"Mrs. Candice Olson, Norland  5833, Madrid - 7850, Zambia",12/10/2012,971,Pending
972,"Ms. Gladys Gilbert, Dunton  8915, Jacksonville - 5365, Sri Lanka",6/16/2019,972,Pending
973,"Miss Cadence Cooper, Anns  3723, Long Beach - 6234, Cambodia",2/19/2013,973,Pending
974,"Mrs. Cassidy Grady, Balfe   7203, Minneapolis - 7721, Barbados",5/31/2019,974,Pending
975,"Miss Zara Rose, Bedford  3651, Detroit - 8807, Albania",3/25/2008,975,Pending
976,"Ms. Lindsay Cameron, Erindale 5549, Stockton - 6576, Macedonia",5/9/2004,976,Pending
977,"Miss Felicity Wilson, Under  8305, Fullerton - 6440, Australia",7/14/2017,977,Pending
978,"Mrs. Allison Vollans, Colombo   3330, Lincoln - 4541, Belarus",11/19/2012,978,Pending
979,"Miss Cynthia Parker, Coborn  350, Berlin - 3010, Guatemala",5/1/2011,979,Pending
980,"Miss Hanna Price, Yorkshire  9582, Oklahoma City - 1633, Turkmenistan",9/17/2014,980,Pending
981,"Miss Rosalee Mann, Norland  7931, El Paso - 2607, Congo",8/28/2006,981,Pending
982,"Miss Joyce Casey, King 1916, Paris - 2348, Sudan, South",2/19/2014,982,Pending
983,"Ms. Eryn Jones, Chester      9914, Las Vegas - 6837, Egypt",10/10/2003,983,Pending
984,"Miss Shannon Cooper, Monroe 3253, Phoenix - 5464, Lithuania",6/24/2018,984,Pending
985,"Miss Vanessa Cox, Castile  643, Houston - 5657, Bolivia",10/11/2006,985,Pending
986,"Ms. Sasha Grady, East 6872, Quebec - 6573, Antigua and Barbuda",7/23/2010,986,Pending
987,"Miss Anne Wigley, Chatsworth  8102, Arlington - 3872, Mauritius",6/9/2009,987,Pending
988,"Ms. Noemi Rehman, Cingworth  6505, Lancaster - 6744, Uzbekistan",3/25/2014,988,Pending
989,"Ms. Emma Gray, Fairview 7755, Laredo - 7780, New Zealand",6/3/2008,989,Pending
990,"Miss Martha Bennett, Bendall   111, San Antonio - 0303, Comoros",1/28/2007,990,Pending
991,"Mrs. Francesca Flett, King 8710, Milwaukee - 8148, Sri Lanka",3/21/2012,991,Pending
992,"Miss Kenzie Harrison, Egerton  9179, Lincoln - 7270, Germany",6/14/2007,992,Pending
993,"Miss Cynthia Booth, Calshot   9515, Oklahoma City - 6850, Botswana",10/22/2001,993,Pending
994,"Ms. Harmony Darcy, Chalcot  9859, Salem - 7458, Nigeria",7/6/2017,994,Pending
995,"Mrs. Sienna Hooper, Blake  4474, San Antonio - 2346, Solomon Islands",9/16/2017,995,Pending
996,"Miss Naomi Allington, Arbutus   312, Charlotte - 2472, Malaysia",3/2/2020,996,Pending
997,"Mrs. Britney Ebbs, Lake 6778, Sacramento - 2480, Indonesia",2/12/2005,997,Pending
998,"Mrs. Carolyn Adams, Egerton  4570, Tokyo - 0652, Lebanon",9/16/2002,998,Pending
999,"Mrs. Makena Farrant, Becklow  2853, Worcester - 5125, Tonga",1/18/2020,999,Pending
1000,"Miss Melania Blackwall, Tilloch   8993, Bellevue - 5516, Serbia",5/20/2007,1000,Pending
